GEO.id,GEO.id2,GEO.display-label,HD01_VD01,HD02_VD01
Id,Id2,Geography,Estimate; Total,Margin of Error; Total
0100000US,,United States,321418821,*****
0400000US01,01,Alabama,4858979,*****
0400000US02,02,Alaska,738432,*****
0400000US04,04,Arizona,6828065,*****
0400000US05,05,Arkansas,2978204,*****
0400000US06,06,California,39144818,*****
0400000US08,08,Colorado,5456574,*****
0400000US09,09,Connecticut,3590886,*****
0400000US10,10,Delaware,945934,*****
0400000US11,11,District of Columbia,672228,*****
0400000US12,12,Florida,20271272,*****
0400000US13,13,Georgia,10214860,*****
0400000US15,15,Hawaii,1431603,*****
0400000US16,16,Idaho,1654930,*****
0400000US17,17,Illinois,12859995,*****
0400000US18,18,Indiana,6619680,*****
0400000US19,19,Iowa,3123899,*****
0400000US20,20,Kansas,2911641,*****
0400000US21,21,Kentucky,4425092,*****
0400000US22,22,Louisiana,4670724,*****
0400000US23,23,Maine,1329328,*****
0400000US24,24,Maryland,6006401,*****
0400000US25,25,Massachusetts,6794422,*****
0400000US26,26,Michigan,9922576,*****
0400000US27,27,Minnesota,5489594,*****
0400000US28,28,Mississippi,2992333,*****
0400000US29,29,Missouri,6083672,*****
0400000US30,30,Montana,1032949,*****
0400000US31,31,Nebraska,1896190,*****
0400000US32,32,Nevada,2890845,*****
0400000US33,33,New Hampshire,1330608,*****
0400000US34,34,New Jersey,8958013,*****
0400000US35,35,New Mexico,2085109,*****
0400000US36,36,New York,19795791,*****
0400000US37,37,North Carolina,10042802,*****
0400000US38,38,North Dakota,756928,*****
0400000US39,39,Ohio,11613423,*****
0400000US40,40,Oklahoma,3911338,*****
0400000US41,41,Oregon,4028977,*****
0400000US42,42,Pennsylvania,12802503,*****
0400000US44,44,Rhode Island,1056298,*****
0400000US45,45,South Carolina,4896146,*****
0400000US46,46,South Dakota,858469,*****
0400000US47,47,Tennessee,6600299,*****
0400000US48,48,Texas,27469114,*****
0400000US49,49,Utah,2995919,*****
0400000US50,50,Vermont,626042,*****
0400000US51,51,Virginia,8382993,*****
0400000US53,53,Washington,7170351,*****
0400000US54,54,West Virginia,1844128,*****
0400000US55,55,Wisconsin,5771337,*****
0400000US56,56,Wyoming,586107,*****
0400000US72,72,Puerto Rico,3474182,*****
0500000US01003,01003,"Baldwin County, Alabama",203709,*****
0500000US01015,01015,"Calhoun County, Alabama",115620,*****
0500000US01043,01043,"Cullman County, Alabama",82005,*****
0500000US01049,01049,"DeKalb County, Alabama",71130,*****
0500000US01051,01051,"Elmore County, Alabama",81468,*****
0500000US01055,01055,"Etowah County, Alabama",103057,*****
0500000US01069,01069,"Houston County, Alabama",104173,*****
0500000US01073,01073,"Jefferson County, Alabama",660367,*****
0500000US01077,01077,"Lauderdale County, Alabama",92596,*****
0500000US01081,01081,"Lee County, Alabama",156993,*****
0500000US01083,01083,"Limestone County, Alabama",91663,*****
0500000US01089,01089,"Madison County, Alabama",353089,*****
0500000US01095,01095,"Marshall County, Alabama",94725,*****
0500000US01097,01097,"Mobile County, Alabama",415395,*****
0500000US01101,01101,"Montgomery County, Alabama",226519,*****
0500000US01103,01103,"Morgan County, Alabama",119565,*****
0500000US01115,01115,"St. Clair County, Alabama",87074,*****
0500000US01117,01117,"Shelby County, Alabama",208713,*****
0500000US01121,01121,"Talladega County, Alabama",80862,*****
0500000US01125,01125,"Tuscaloosa County, Alabama",203976,*****
0500000US01127,01127,"Walker County, Alabama",65294,*****
0500000US02020,02020,"Anchorage Municipality, Alaska",298695,*****
0500000US02090,02090,"Fairbanks North Star Borough, Alaska",99631,*****
0500000US02170,02170,"Matanuska-Susitna Borough, Alaska",101095,*****
0500000US04001,04001,"Apache County, Arizona",71474,*****
0500000US04003,04003,"Cochise County, Arizona",126427,*****
0500000US04005,04005,"Coconino County, Arizona",139097,*****
0500000US04013,04013,"Maricopa County, Arizona",4167947,*****
0500000US04015,04015,"Mohave County, Arizona",204737,*****
0500000US04017,04017,"Navajo County, Arizona",108277,*****
0500000US04019,04019,"Pima County, Arizona",1010025,*****
0500000US04021,04021,"Pinal County, Arizona",406584,*****
0500000US04025,04025,"Yavapai County, Arizona",222255,*****
0500000US04027,04027,"Yuma County, Arizona",204275,*****
0500000US05007,05007,"Benton County, Arkansas",249672,*****
0500000US05031,05031,"Craighead County, Arkansas",104354,*****
0500000US05045,05045,"Faulkner County, Arkansas",121552,*****
0500000US05051,05051,"Garland County, Arkansas",97177,*****
0500000US05069,05069,"Jefferson County, Arkansas",71565,*****
0500000US05085,05085,"Lonoke County, Arkansas",71645,*****
0500000US05119,05119,"Pulaski County, Arkansas",392664,*****
0500000US05125,05125,"Saline County, Arkansas",117460,*****
0500000US05131,05131,"Sebastian County, Arkansas",127780,*****
0500000US05143,05143,"Washington County, Arkansas",225477,*****
0500000US05145,05145,"White County, Arkansas",79161,*****
0500000US06001,06001,"Alameda County, California",1638215,*****
0500000US06007,06007,"Butte County, California",225411,*****
0500000US06013,06013,"Contra Costa County, California",1126745,*****
0500000US06017,06017,"El Dorado County, California",184452,*****
0500000US06019,06019,"Fresno County, California",974861,*****
0500000US06023,06023,"Humboldt County, California",135727,*****
0500000US06025,06025,"Imperial County, California",180191,*****
0500000US06029,06029,"Kern County, California",882176,*****
0500000US06031,06031,"Kings County, California",150965,*****
0500000US06033,06033,"Lake County, California",64591,*****
0500000US06037,06037,"Los Angeles County, California",10170292,*****
0500000US06039,06039,"Madera County, California",154998,*****
0500000US06041,06041,"Marin County, California",261221,*****
0500000US06045,06045,"Mendocino County, California",87649,*****
0500000US06047,06047,"Merced County, California",268455,*****
0500000US06053,06053,"Monterey County, California",433898,*****
0500000US06055,06055,"Napa County, California",142456,*****
0500000US06057,06057,"Nevada County, California",98877,*****
0500000US06059,06059,"Orange County, California",3169776,*****
0500000US06061,06061,"Placer County, California",375391,*****
0500000US06065,06065,"Riverside County, California",2361026,*****
0500000US06067,06067,"Sacramento County, California",1501335,*****
0500000US06071,06071,"San Bernardino County, California",2128133,*****
0500000US06073,06073,"San Diego County, California",3299521,*****
0500000US06075,06075,"San Francisco County, California",864816,*****
0500000US06077,06077,"San Joaquin County, California",726106,*****
0500000US06079,06079,"San Luis Obispo County, California",281401,*****
0500000US06081,06081,"San Mateo County, California",765135,*****
0500000US06083,06083,"Santa Barbara County, California",444769,*****
0500000US06085,06085,"Santa Clara County, California",1918044,*****
0500000US06087,06087,"Santa Cruz County, California",274146,*****
0500000US06089,06089,"Shasta County, California",179533,*****
0500000US06095,06095,"Solano County, California",436092,*****
0500000US06097,06097,"Sonoma County, California",502146,*****
0500000US06099,06099,"Stanislaus County, California",538388,*****
0500000US06101,06101,"Sutter County, California",96463,*****
0500000US06107,06107,"Tulare County, California",459863,*****
0500000US06111,06111,"Ventura County, California",850536,*****
0500000US06113,06113,"Yolo County, California",213016,*****
0500000US06115,06115,"Yuba County, California",74492,*****
0500000US08001,08001,"Adams County, Colorado",491337,*****
0500000US08005,08005,"Arapahoe County, Colorado",631096,*****
0500000US08013,08013,"Boulder County, Colorado",319372,*****
0500000US08014,08014,"Broomfield County, Colorado",65065,*****
0500000US08031,08031,"Denver County, Colorado",682545,*****
0500000US08035,08035,"Douglas County, Colorado",322387,*****
0500000US08041,08041,"El Paso County, Colorado",674471,*****
0500000US08059,08059,"Jefferson County, Colorado",565524,*****
0500000US08069,08069,"Larimer County, Colorado",333577,*****
0500000US08077,08077,"Mesa County, Colorado",148513,*****
0500000US08101,08101,"Pueblo County, Colorado",163591,*****
0500000US08123,08123,"Weld County, Colorado",285174,*****
0500000US09001,09001,"Fairfield County, Connecticut",948053,*****
0500000US09003,09003,"Hartford County, Connecticut",895841,*****
0500000US09005,09005,"Litchfield County, Connecticut",183603,*****
0500000US09007,09007,"Middlesex County, Connecticut",164063,*****
0500000US09009,09009,"New Haven County, Connecticut",859470,*****
0500000US09011,09011,"New London County, Connecticut",271863,*****
0500000US09013,09013,"Tolland County, Connecticut",151420,*****
0500000US09015,09015,"Windham County, Connecticut",116573,*****
0500000US10001,10001,"Kent County, Delaware",173533,*****
0500000US10003,10003,"New Castle County, Delaware",556779,*****
0500000US10005,10005,"Sussex County, Delaware",215622,*****
0500000US11001,11001,"District of Columbia, District of Columbia",672228,*****
0500000US12001,12001,"Alachua County, Florida",259964,*****
0500000US12005,12005,"Bay County, Florida",181635,*****
0500000US12009,12009,"Brevard County, Florida",568088,*****
0500000US12011,12011,"Broward County, Florida",1896425,*****
0500000US12015,12015,"Charlotte County, Florida",173115,*****
0500000US12017,12017,"Citrus County, Florida",141058,*****
0500000US12019,12019,"Clay County, Florida",203967,*****
0500000US12021,12021,"Collier County, Florida",357305,*****
0500000US12023,12023,"Columbia County, Florida",68348,*****
0500000US12031,12031,"Duval County, Florida",913010,*****
0500000US12033,12033,"Escambia County, Florida",311003,*****
0500000US12035,12035,"Flagler County, Florida",105392,*****
0500000US12053,12053,"Hernando County, Florida",178439,*****
0500000US12055,12055,"Highlands County, Florida",99491,*****
0500000US12057,12057,"Hillsborough County, Florida",1349050,*****
0500000US12061,12061,"Indian River County, Florida",147919,*****
0500000US12069,12069,"Lake County, Florida",325875,*****
0500000US12071,12071,"Lee County, Florida",701982,*****
0500000US12073,12073,"Leon County, Florida",286272,*****
0500000US12081,12081,"Manatee County, Florida",363369,*****
0500000US12083,12083,"Marion County, Florida",343254,*****
0500000US12085,12085,"Martin County, Florida",156283,*****
0500000US12086,12086,"Miami-Dade County, Florida",2693117,*****
0500000US12087,12087,"Monroe County, Florida",77482,*****
0500000US12089,12089,"Nassau County, Florida",78444,*****
0500000US12091,12091,"Okaloosa County, Florida",198664,*****
0500000US12095,12095,"Orange County, Florida",1288126,*****
0500000US12097,12097,"Osceola County, Florida",323993,*****
0500000US12099,12099,"Palm Beach County, Florida",1422789,*****
0500000US12101,12101,"Pasco County, Florida",497909,*****
0500000US12103,12103,"Pinellas County, Florida",949827,*****
0500000US12105,12105,"Polk County, Florida",650092,*****
0500000US12107,12107,"Putnam County, Florida",72023,*****
0500000US12109,12109,"St. Johns County, Florida",226640,*****
0500000US12111,12111,"St. Lucie County, Florida",298563,*****
0500000US12113,12113,"Santa Rosa County, Florida",167040,*****
0500000US12115,12115,"Sarasota County, Florida",405549,*****
0500000US12117,12117,"Seminole County, Florida",449144,*****
0500000US12119,12119,"Sumter County, Florida",118891,*****
0500000US12127,12127,"Volusia County, Florida",517887,*****
0500000US13013,13013,"Barrow County, Georgia",75370,*****
0500000US13015,13015,"Bartow County, Georgia",102747,*****
0500000US13021,13021,"Bibb County, Georgia",153721,*****
0500000US13031,13031,"Bulloch County, Georgia",72651,*****
0500000US13045,13045,"Carroll County, Georgia",114545,*****
0500000US13047,13047,"Catoosa County, Georgia",66050,*****
0500000US13051,13051,"Chatham County, Georgia",286956,*****
0500000US13057,13057,"Cherokee County, Georgia",235900,*****
0500000US13059,13059,"Clarke County, Georgia",123912,*****
0500000US13063,13063,"Clayton County, Georgia",273955,*****
0500000US13067,13067,"Cobb County, Georgia",741334,*****
0500000US13073,13073,"Columbia County, Georgia",144052,*****
0500000US13077,13077,"Coweta County, Georgia",138427,*****
0500000US13089,13089,"DeKalb County, Georgia",734871,*****
0500000US13095,13095,"Dougherty County, Georgia",91332,*****
0500000US13097,13097,"Douglas County, Georgia",140733,*****
0500000US13113,13113,"Fayette County, Georgia",110714,*****
0500000US13115,13115,"Floyd County, Georgia",96504,*****
0500000US13117,13117,"Forsyth County, Georgia",212438,*****
0500000US13121,13121,"Fulton County, Georgia",1010562,*****
0500000US13127,13127,"Glynn County, Georgia",83579,*****
0500000US13135,13135,"Gwinnett County, Georgia",895823,*****
0500000US13139,13139,"Hall County, Georgia",193535,*****
0500000US13151,13151,"Henry County, Georgia",217739,*****
0500000US13153,13153,"Houston County, Georgia",150033,*****
0500000US13179,13179,"Liberty County, Georgia",62467,*****
0500000US13185,13185,"Lowndes County, Georgia",112865,*****
0500000US13215,13215,"Muscogee County, Georgia",200579,*****
0500000US13217,13217,"Newton County, Georgia",105473,*****
0500000US13223,13223,"Paulding County, Georgia",152238,*****
0500000US13245,13245,"Richmond County, Georgia",201793,*****
0500000US13247,13247,"Rockdale County, Georgia",88856,*****
0500000US13285,13285,"Troup County, Georgia",69763,*****
0500000US13295,13295,"Walker County, Georgia",68066,*****
0500000US13297,13297,"Walton County, Georgia",88399,*****
0500000US13313,13313,"Whitfield County, Georgia",104216,*****
0500000US15001,15001,"Hawaii County, Hawaii",196428,*****
0500000US15003,15003,"Honolulu County, Hawaii",998714,*****
0500000US15007,15007,"Kauai County, Hawaii",71735,*****
0500000US15009,15009,"Maui County, Hawaii",164593,86
0500000US16001,16001,"Ada County, Idaho",434211,*****
0500000US16005,16005,"Bannock County, Idaho",83744,*****
0500000US16019,16019,"Bonneville County, Idaho",110089,*****
0500000US16027,16027,"Canyon County, Idaho",207478,*****
0500000US16055,16055,"Kootenai County, Idaho",150346,*****
0500000US16083,16083,"Twin Falls County, Idaho",82375,*****
0500000US17001,17001,"Adams County, Illinois",67013,*****
0500000US17019,17019,"Champaign County, Illinois",208861,*****
0500000US17031,17031,"Cook County, Illinois",5238216,*****
0500000US17037,17037,"DeKalb County, Illinois",104352,*****
0500000US17043,17043,"DuPage County, Illinois",933736,*****
0500000US17089,17089,"Kane County, Illinois",530847,*****
0500000US17091,17091,"Kankakee County, Illinois",110879,*****
0500000US17093,17093,"Kendall County, Illinois",123355,*****
0500000US17097,17097,"Lake County, Illinois",703910,*****
0500000US17099,17099,"LaSalle County, Illinois",111333,*****
0500000US17111,17111,"McHenry County, Illinois",307343,*****
0500000US17113,17113,"McLean County, Illinois",173166,*****
0500000US17115,17115,"Macon County, Illinois",107303,*****
0500000US17119,17119,"Madison County, Illinois",266209,*****
0500000US17143,17143,"Peoria County, Illinois",186221,*****
0500000US17161,17161,"Rock Island County, Illinois",146133,*****
0500000US17163,17163,"St. Clair County, Illinois",264052,*****
0500000US17167,17167,"Sangamon County, Illinois",198712,*****
0500000US17179,17179,"Tazewell County, Illinois",134800,*****
0500000US17183,17183,"Vermilion County, Illinois",79282,*****
0500000US17197,17197,"Will County, Illinois",687263,*****
0500000US17199,17199,"Williamson County, Illinois",67466,*****
0500000US17201,17201,"Winnebago County, Illinois",287078,*****
0500000US18003,18003,"Allen County, Indiana",368450,*****
0500000US18005,18005,"Bartholomew County, Indiana",81162,*****
0500000US18019,18019,"Clark County, Indiana",115371,*****
0500000US18035,18035,"Delaware County, Indiana",116852,*****
0500000US18039,18039,"Elkhart County, Indiana",203474,*****
0500000US18043,18043,"Floyd County, Indiana",76778,*****
0500000US18053,18053,"Grant County, Indiana",67979,*****
0500000US18057,18057,"Hamilton County, Indiana",309697,*****
0500000US18059,18059,"Hancock County, Indiana",72520,*****
0500000US18063,18063,"Hendricks County, Indiana",158192,*****
0500000US18067,18067,"Howard County, Indiana",82556,*****
0500000US18081,18081,"Johnson County, Indiana",149633,*****
0500000US18085,18085,"Kosciusko County, Indiana",78620,*****
0500000US18089,18089,"Lake County, Indiana",487865,*****
0500000US18091,18091,"LaPorte County, Indiana",110884,*****
0500000US18095,18095,"Madison County, Indiana",129723,*****
0500000US18097,18097,"Marion County, Indiana",939020,*****
0500000US18105,18105,"Monroe County, Indiana",144705,*****
0500000US18109,18109,"Morgan County, Indiana",69648,*****
0500000US18127,18127,"Porter County, Indiana",167688,*****
0500000US18141,18141,"St. Joseph County, Indiana",268441,*****
0500000US18157,18157,"Tippecanoe County, Indiana",185826,*****
0500000US18163,18163,"Vanderburgh County, Indiana",181877,*****
0500000US18167,18167,"Vigo County, Indiana",107896,*****
0500000US18177,18177,"Wayne County, Indiana",67001,*****
0500000US19013,19013,"Black Hawk County, Iowa",133455,*****
0500000US19049,19049,"Dallas County, Iowa",80133,*****
0500000US19061,19061,"Dubuque County, Iowa",97125,*****
0500000US19103,19103,"Johnson County, Iowa",144251,*****
0500000US19113,19113,"Linn County, Iowa",219916,*****
0500000US19153,19153,"Polk County, Iowa",467711,*****
0500000US19155,19155,"Pottawattamie County, Iowa",93671,*****
0500000US19163,19163,"Scott County, Iowa",172126,*****
0500000US19169,19169,"Story County, Iowa",96021,*****
0500000US19193,19193,"Woodbury County, Iowa",102782,*****
0500000US20015,20015,"Butler County, Kansas",66741,*****
0500000US20045,20045,"Douglas County, Kansas",118053,*****
0500000US20091,20091,"Johnson County, Kansas",580159,*****
0500000US20103,20103,"Leavenworth County, Kansas",79315,*****
0500000US20161,20161,"Riley County, Kansas",75247,*****
0500000US20173,20173,"Sedgwick County, Kansas",511574,*****
0500000US20177,20177,"Shawnee County, Kansas",178725,*****
0500000US20209,20209,"Wyandotte County, Kansas",163369,*****
0500000US21015,21015,"Boone County, Kentucky",127712,*****
0500000US21029,21029,"Bullitt County, Kentucky",78702,*****
0500000US21037,21037,"Campbell County, Kentucky",92066,*****
0500000US21047,21047,"Christian County, Kentucky",73309,*****
0500000US21059,21059,"Daviess County, Kentucky",99259,*****
0500000US21067,21067,"Fayette County, Kentucky",314488,*****
0500000US21093,21093,"Hardin County, Kentucky",106439,*****
0500000US21111,21111,"Jefferson County, Kentucky",763623,*****
0500000US21117,21117,"Kenton County, Kentucky",165012,*****
0500000US21145,21145,"McCracken County, Kentucky",65018,*****
0500000US21151,21151,"Madison County, Kentucky",87824,*****
0500000US21195,21195,"Pike County, Kentucky",61792,*****
0500000US21227,21227,"Warren County, Kentucky",122851,*****
0500000US22005,22005,"Ascension Parish, Louisiana",119455,*****
0500000US22015,22015,"Bossier Parish, Louisiana",125175,*****
0500000US22017,22017,"Caddo Parish, Louisiana",251460,*****
0500000US22019,22019,"Calcasieu Parish, Louisiana",198788,*****
0500000US22033,22033,"East Baton Rouge Parish, Louisiana",446753,*****
0500000US22045,22045,"Iberia Parish, Louisiana",74103,*****
0500000US22051,22051,"Jefferson Parish, Louisiana",436275,*****
0500000US22055,22055,"Lafayette Parish, Louisiana",240098,*****
0500000US22057,22057,"Lafourche Parish, Louisiana",98325,*****
0500000US22063,22063,"Livingston Parish, Louisiana",137788,*****
0500000US22071,22071,"Orleans Parish, Louisiana",389617,*****
0500000US22073,22073,"Ouachita Parish, Louisiana",156761,*****
0500000US22079,22079,"Rapides Parish, Louisiana",132141,*****
0500000US22097,22097,"St. Landry Parish, Louisiana",83848,*****
0500000US22103,22103,"St. Tammany Parish, Louisiana",250088,*****
0500000US22105,22105,"Tangipahoa Parish, Louisiana",128755,*****
0500000US22109,22109,"Terrebonne Parish, Louisiana",113972,*****
0500000US23001,23001,"Androscoggin County, Maine",107233,*****
0500000US23003,23003,"Aroostook County, Maine",68628,*****
0500000US23005,23005,"Cumberland County, Maine",289977,*****
0500000US23011,23011,"Kennebec County, Maine",119980,*****
0500000US23019,23019,"Penobscot County, Maine",152692,*****
0500000US23031,23031,"York County, Maine",201169,*****
0500000US24001,24001,"Allegany County, Maryland",72528,*****
0500000US24003,24003,"Anne Arundel County, Maryland",564195,*****
0500000US24005,24005,"Baltimore County, Maryland",831128,*****
0500000US24009,24009,"Calvert County, Maryland",90595,*****
0500000US24013,24013,"Carroll County, Maryland",167627,*****
0500000US24015,24015,"Cecil County, Maryland",102382,*****
0500000US24017,24017,"Charles County, Maryland",156118,*****
0500000US24021,24021,"Frederick County, Maryland",245322,*****
0500000US24025,24025,"Harford County, Maryland",250290,*****
0500000US24027,24027,"Howard County, Maryland",313414,*****
0500000US24031,24031,"Montgomery County, Maryland",1040116,*****
0500000US24033,24033,"Prince George's County, Maryland",909535,*****
0500000US24037,24037,"St. Mary's County, Maryland",111413,*****
0500000US24043,24043,"Washington County, Maryland",149585,*****
0500000US24045,24045,"Wicomico County, Maryland",102370,*****
0500000US24510,24510,"Baltimore city, Maryland",621849,*****
0500000US25001,25001,"Barnstable County, Massachusetts",214333,*****
0500000US25003,25003,"Berkshire County, Massachusetts",127828,*****
0500000US25005,25005,"Bristol County, Massachusetts",556772,*****
0500000US25009,25009,"Essex County, Massachusetts",776043,*****
0500000US25011,25011,"Franklin County, Massachusetts",70601,*****
0500000US25013,25013,"Hampden County, Massachusetts",470690,*****
0500000US25015,25015,"Hampshire County, Massachusetts",161292,*****
0500000US25017,25017,"Middlesex County, Massachusetts",1585139,*****
0500000US25021,25021,"Norfolk County, Massachusetts",696023,*****
0500000US25023,25023,"Plymouth County, Massachusetts",510393,*****
0500000US25025,25025,"Suffolk County, Massachusetts",778121,*****
0500000US25027,25027,"Worcester County, Massachusetts",818963,*****
0500000US26005,26005,"Allegan County, Michigan",114625,*****
0500000US26017,26017,"Bay County, Michigan",105659,*****
0500000US26021,26021,"Berrien County, Michigan",154636,*****
0500000US26025,26025,"Calhoun County, Michigan",134314,*****
0500000US26037,26037,"Clinton County, Michigan",77390,*****
0500000US26045,26045,"Eaton County, Michigan",108801,*****
0500000US26049,26049,"Genesee County, Michigan",410849,*****
0500000US26055,26055,"Grand Traverse County, Michigan",91636,*****
0500000US26065,26065,"Ingham County, Michigan",286085,*****
0500000US26073,26073,"Isabella County, Michigan",70698,*****
0500000US26075,26075,"Jackson County, Michigan",159494,*****
0500000US26077,26077,"Kalamazoo County, Michigan",260263,*****
0500000US26081,26081,"Kent County, Michigan",636369,*****
0500000US26087,26087,"Lapeer County, Michigan",88373,*****
0500000US26091,26091,"Lenawee County, Michigan",98573,*****
0500000US26093,26093,"Livingston County, Michigan",187316,*****
0500000US26099,26099,"Macomb County, Michigan",864840,*****
0500000US26103,26103,"Marquette County, Michigan",67215,*****
0500000US26111,26111,"Midland County, Michigan",83632,*****
0500000US26115,26115,"Monroe County, Michigan",149568,*****
0500000US26121,26121,"Muskegon County, Michigan",172790,*****
0500000US26125,26125,"Oakland County, Michigan",1242304,*****
0500000US26139,26139,"Ottawa County, Michigan",279955,*****
0500000US26145,26145,"Saginaw County, Michigan",193307,*****
0500000US26147,26147,"St. Clair County, Michigan",159875,*****
0500000US26155,26155,"Shiawassee County, Michigan",68619,*****
0500000US26159,26159,"Van Buren County, Michigan",75077,*****
0500000US26161,26161,"Washtenaw County, Michigan",358880,*****
0500000US26163,26163,"Wayne County, Michigan",1759335,*****
0500000US27003,27003,"Anoka County, Minnesota",344151,*****
0500000US27013,27013,"Blue Earth County, Minnesota",65787,*****
0500000US27019,27019,"Carver County, Minnesota",98741,*****
0500000US27037,27037,"Dakota County, Minnesota",414686,*****
0500000US27053,27053,"Hennepin County, Minnesota",1223149,*****
0500000US27109,27109,"Olmsted County, Minnesota",151436,*****
0500000US27123,27123,"Ramsey County, Minnesota",538133,*****
0500000US27131,27131,"Rice County, Minnesota",65400,*****
0500000US27137,27137,"St. Louis County, Minnesota",200431,*****
0500000US27139,27139,"Scott County, Minnesota",141660,*****
0500000US27141,27141,"Sherburne County, Minnesota",91705,*****
0500000US27145,27145,"Stearns County, Minnesota",154708,*****
0500000US27163,27163,"Washington County, Minnesota",251597,*****
0500000US27171,27171,"Wright County, Minnesota",131311,*****
0500000US28033,28033,"DeSoto County, Mississippi",173323,*****
0500000US28035,28035,"Forrest County, Mississippi",75944,*****
0500000US28047,28047,"Harrison County, Mississippi",201410,*****
0500000US28049,28049,"Hinds County, Mississippi",242891,*****
0500000US28059,28059,"Jackson County, Mississippi",141425,*****
0500000US28067,28067,"Jones County, Mississippi",68215,*****
0500000US28075,28075,"Lauderdale County, Mississippi",78524,*****
0500000US28081,28081,"Lee County, Mississippi",85300,*****
0500000US28089,28089,"Madison County, Mississippi",103465,*****
0500000US28121,28121,"Rankin County, Mississippi",149039,*****
0500000US29019,29019,"Boone County, Missouri",174974,*****
0500000US29021,29021,"Buchanan County, Missouri",89100,*****
0500000US29031,29031,"Cape Girardeau County, Missouri",78572,*****
0500000US29037,29037,"Cass County, Missouri",101603,*****
0500000US29043,29043,"Christian County, Missouri",83279,*****
0500000US29047,29047,"Clay County, Missouri",235637,*****
0500000US29051,29051,"Cole County, Missouri",76720,*****
0500000US29071,29071,"Franklin County, Missouri",102426,*****
0500000US29077,29077,"Greene County, Missouri",288072,*****
0500000US29095,29095,"Jackson County, Missouri",687623,*****
0500000US29097,29097,"Jasper County, Missouri",118596,*****
0500000US29099,29099,"Jefferson County, Missouri",224124,*****
0500000US29165,29165,"Platte County, Missouri",96096,*****
0500000US29183,29183,"St. Charles County, Missouri",385590,*****
0500000US29187,29187,"St. Francois County, Missouri",66520,*****
0500000US29189,29189,"St. Louis County, Missouri",1003362,*****
0500000US29510,29510,"St. Louis city, Missouri",315685,*****
0500000US30013,30013,"Cascade County, Montana",82278,*****
0500000US30029,30029,"Flathead County, Montana",96165,*****
0500000US30031,30031,"Gallatin County, Montana",100739,*****
0500000US30049,30049,"Lewis and Clark County, Montana",66418,*****
0500000US30063,30063,"Missoula County, Montana",114181,*****
0500000US30111,30111,"Yellowstone County, Montana",157048,*****
0500000US31055,31055,"Douglas County, Nebraska",550064,*****
0500000US31109,31109,"Lancaster County, Nebraska",306468,*****
0500000US31153,31153,"Sarpy County, Nebraska",175692,*****
0500000US32003,32003,"Clark County, Nevada",2114801,*****
0500000US32031,32031,"Washoe County, Nevada",446903,*****
0500000US33005,33005,"Cheshire County, New Hampshire",75909,*****
0500000US33009,33009,"Grafton County, New Hampshire",89320,*****
0500000US33011,33011,"Hillsborough County, New Hampshire",406678,*****
0500000US33013,33013,"Merrimack County, New Hampshire",147994,*****
0500000US33015,33015,"Rockingham County, New Hampshire",301777,*****
0500000US33017,33017,"Strafford County, New Hampshire",126825,*****
0500000US34001,34001,"Atlantic County, New Jersey",274219,*****
0500000US34003,34003,"Bergen County, New Jersey",938506,*****
0500000US34005,34005,"Burlington County, New Jersey",450226,*****
0500000US34007,34007,"Camden County, New Jersey",510923,*****
0500000US34009,34009,"Cape May County, New Jersey",94727,*****
0500000US34011,34011,"Cumberland County, New Jersey",155854,*****
0500000US34013,34013,"Essex County, New Jersey",797434,*****
0500000US34015,34015,"Gloucester County, New Jersey",291479,*****
0500000US34017,34017,"Hudson County, New Jersey",674836,*****
0500000US34019,34019,"Hunterdon County, New Jersey",125488,*****
0500000US34021,34021,"Mercer County, New Jersey",371398,*****
0500000US34023,34023,"Middlesex County, New Jersey",840900,*****
0500000US34025,34025,"Monmouth County, New Jersey",628715,*****
0500000US34027,34027,"Morris County, New Jersey",499509,*****
0500000US34029,34029,"Ocean County, New Jersey",588721,*****
0500000US34031,34031,"Passaic County, New Jersey",510916,*****
0500000US34033,34033,"Salem County, New Jersey",64180,*****
0500000US34035,34035,"Somerset County, New Jersey",333654,*****
0500000US34037,34037,"Sussex County, New Jersey",143673,*****
0500000US34039,34039,"Union County, New Jersey",555786,*****
0500000US34041,34041,"Warren County, New Jersey",106869,*****
0500000US35001,35001,"Bernalillo County, New Mexico",676685,*****
0500000US35005,35005,"Chaves County, New Mexico",65764,*****
0500000US35013,35013,"Doña Ana County, New Mexico",214295,*****
0500000US35025,35025,"Lea County, New Mexico",71180,*****
0500000US35031,35031,"McKinley County, New Mexico",76708,*****
0500000US35035,35035,"Otero County, New Mexico",64362,*****
0500000US35043,35043,"Sandoval County, New Mexico",139394,*****
0500000US35045,35045,"San Juan County, New Mexico",118737,*****
0500000US35049,35049,"Santa Fe County, New Mexico",148686,*****
0500000US35061,35061,"Valencia County, New Mexico",75737,*****
0500000US36001,36001,"Albany County, New York",309381,*****
0500000US36005,36005,"Bronx County, New York",1455444,*****
0500000US36007,36007,"Broome County, New York",196567,*****
0500000US36009,36009,"Cattaraugus County, New York",77922,*****
0500000US36011,36011,"Cayuga County, New York",78288,*****
0500000US36013,36013,"Chautauqua County, New York",130779,*****
0500000US36015,36015,"Chemung County, New York",87071,*****
0500000US36019,36019,"Clinton County, New York",81251,*****
0500000US36027,36027,"Dutchess County, New York",295754,*****
0500000US36029,36029,"Erie County, New York",922578,*****
0500000US36045,36045,"Jefferson County, New York",117635,*****
0500000US36047,36047,"Kings County, New York",2636735,*****
0500000US36051,36051,"Livingston County, New York",64717,*****
0500000US36053,36053,"Madison County, New York",71849,*****
0500000US36055,36055,"Monroe County, New York",749600,*****
0500000US36059,36059,"Nassau County, New York",1361350,*****
0500000US36061,36061,"New York County, New York",1644518,*****
0500000US36063,36063,"Niagara County, New York",212652,*****
0500000US36065,36065,"Oneida County, New York",232500,*****
0500000US36067,36067,"Onondaga County, New York",468463,*****
0500000US36069,36069,"Ontario County, New York",109561,*****
0500000US36071,36071,"Orange County, New York",377647,*****
0500000US36075,36075,"Oswego County, New York",120146,*****
0500000US36079,36079,"Putnam County, New York",99042,*****
0500000US36081,36081,"Queens County, New York",2339150,*****
0500000US36083,36083,"Rensselaer County, New York",160266,*****
0500000US36085,36085,"Richmond County, New York",474558,*****
0500000US36087,36087,"Rockland County, New York",326037,*****
0500000US36089,36089,"St. Lawrence County, New York",111007,*****
0500000US36091,36091,"Saratoga County, New York",226249,*****
0500000US36093,36093,"Schenectady County, New York",154604,*****
0500000US36101,36101,"Steuben County, New York",97631,*****
0500000US36103,36103,"Suffolk County, New York",1501587,*****
0500000US36105,36105,"Sullivan County, New York",74877,*****
0500000US36109,36109,"Tompkins County, New York",104926,*****
0500000US36111,36111,"Ulster County, New York",180143,*****
0500000US36113,36113,"Warren County, New York",64688,*****
0500000US36117,36117,"Wayne County, New York",91446,*****
0500000US36119,36119,"Westchester County, New York",976396,*****
0500000US37001,37001,"Alamance County, North Carolina",158276,*****
0500000US37019,37019,"Brunswick County, North Carolina",122765,*****
0500000US37021,37021,"Buncombe County, North Carolina",253178,*****
0500000US37023,37023,"Burke County, North Carolina",88842,*****
0500000US37025,37025,"Cabarrus County, North Carolina",196762,*****
0500000US37027,37027,"Caldwell County, North Carolina",81287,*****
0500000US37031,37031,"Carteret County, North Carolina",68879,*****
0500000US37035,37035,"Catawba County, North Carolina",155056,*****
0500000US37037,37037,"Chatham County, North Carolina",70928,*****
0500000US37045,37045,"Cleveland County, North Carolina",96879,*****
0500000US37049,37049,"Craven County, North Carolina",103451,*****
0500000US37051,37051,"Cumberland County, North Carolina",323838,*****
0500000US37057,37057,"Davidson County, North Carolina",164622,*****
0500000US37063,37063,"Durham County, North Carolina",300952,*****
0500000US37067,37067,"Forsyth County, North Carolina",369019,*****
0500000US37071,37071,"Gaston County, North Carolina",213442,*****
0500000US37081,37081,"Guilford County, North Carolina",517600,*****
0500000US37085,37085,"Harnett County, North Carolina",128140,*****
0500000US37089,37089,"Henderson County, North Carolina",112655,*****
0500000US37097,37097,"Iredell County, North Carolina",169866,*****
0500000US37101,37101,"Johnston County, North Carolina",185660,*****
0500000US37109,37109,"Lincoln County, North Carolina",81035,*****
0500000US37119,37119,"Mecklenburg County, North Carolina",1034070,*****
0500000US37125,37125,"Moore County, North Carolina",94352,*****
0500000US37127,37127,"Nash County, North Carolina",93919,*****
0500000US37129,37129,"New Hanover County, North Carolina",220358,*****
0500000US37133,37133,"Onslow County, North Carolina",186311,*****
0500000US37135,37135,"Orange County, North Carolina",141354,*****
0500000US37147,37147,"Pitt County, North Carolina",175842,*****
0500000US37151,37151,"Randolph County, North Carolina",142799,*****
0500000US37155,37155,"Robeson County, North Carolina",134197,*****
0500000US37157,37157,"Rockingham County, North Carolina",91758,*****
0500000US37159,37159,"Rowan County, North Carolina",139142,*****
0500000US37161,37161,"Rutherford County, North Carolina",66390,*****
0500000US37171,37171,"Surry County, North Carolina",72743,*****
0500000US37179,37179,"Union County, North Carolina",222742,*****
0500000US37183,37183,"Wake County, North Carolina",1024198,*****
0500000US37191,37191,"Wayne County, North Carolina",124132,*****
0500000US37193,37193,"Wilkes County, North Carolina",68502,*****
0500000US37195,37195,"Wilson County, North Carolina",81714,*****
0500000US38015,38015,"Burleigh County, North Dakota",92991,*****
0500000US38017,38017,"Cass County, North Dakota",171512,*****
0500000US38035,38035,"Grand Forks County, North Dakota",70916,*****
0500000US38101,38101,"Ward County, North Dakota",71275,*****
0500000US39003,39003,"Allen County, Ohio",104425,*****
0500000US39007,39007,"Ashtabula County, Ohio",98632,*****
0500000US39009,39009,"Athens County, Ohio",65886,*****
0500000US39013,39013,"Belmont County, Ohio",69154,*****
0500000US39017,39017,"Butler County, Ohio",376353,*****
0500000US39023,39023,"Clark County, Ohio",135959,*****
0500000US39025,39025,"Clermont County, Ohio",201973,*****
0500000US39029,39029,"Columbiana County, Ohio",104806,*****
0500000US39035,39035,"Cuyahoga County, Ohio",1255921,*****
0500000US39041,39041,"Delaware County, Ohio",193013,*****
0500000US39043,39043,"Erie County, Ohio",75550,*****
0500000US39045,39045,"Fairfield County, Ohio",151408,*****
0500000US39049,39049,"Franklin County, Ohio",1251722,*****
0500000US39055,39055,"Geauga County, Ohio",94102,*****
0500000US39057,39057,"Greene County, Ohio",164427,*****
0500000US39061,39061,"Hamilton County, Ohio",807598,*****
0500000US39063,39063,"Hancock County, Ohio",75573,*****
0500000US39081,39081,"Jefferson County, Ohio",67347,*****
0500000US39085,39085,"Lake County, Ohio",229245,*****
0500000US39089,39089,"Licking County, Ohio",170570,*****
0500000US39093,39093,"Lorain County, Ohio",305147,*****
0500000US39095,39095,"Lucas County, Ohio",433689,*****
0500000US39099,39099,"Mahoning County, Ohio",231900,*****
0500000US39101,39101,"Marion County, Ohio",65355,*****
0500000US39103,39103,"Medina County, Ohio",176395,*****
0500000US39109,39109,"Miami County, Ohio",104224,*****
0500000US39113,39113,"Montgomery County, Ohio",532258,*****
0500000US39119,39119,"Muskingum County, Ohio",86290,*****
0500000US39133,39133,"Portage County, Ohio",162275,*****
0500000US39139,39139,"Richland County, Ohio",121707,*****
0500000US39141,39141,"Ross County, Ohio",77170,*****
0500000US39145,39145,"Scioto County, Ohio",76825,*****
0500000US39151,39151,"Stark County, Ohio",375165,*****
0500000US39153,39153,"Summit County, Ohio",541968,*****
0500000US39155,39155,"Trumbull County, Ohio",203751,*****
0500000US39157,39157,"Tuscarawas County, Ohio",92916,*****
0500000US39165,39165,"Warren County, Ohio",224469,*****
0500000US39169,39169,"Wayne County, Ohio",116063,*****
0500000US39173,39173,"Wood County, Ohio",129730,*****
0500000US40017,40017,"Canadian County, Oklahoma",133378,*****
0500000US40027,40027,"Cleveland County, Oklahoma",274458,*****
0500000US40031,40031,"Comanche County, Oklahoma",124648,*****
0500000US40037,40037,"Creek County, Oklahoma",70892,*****
0500000US40101,40101,"Muskogee County, Oklahoma",69699,*****
0500000US40109,40109,"Oklahoma County, Oklahoma",776864,*****
0500000US40119,40119,"Payne County, Oklahoma",80850,*****
0500000US40125,40125,"Pottawatomie County, Oklahoma",71875,*****
0500000US40131,40131,"Rogers County, Oklahoma",90802,*****
0500000US40143,40143,"Tulsa County, Oklahoma",639242,*****
0500000US40145,40145,"Wagoner County, Oklahoma",76559,*****
0500000US41003,41003,"Benton County, Oregon",87572,*****
0500000US41005,41005,"Clackamas County, Oregon",401515,*****
0500000US41017,41017,"Deschutes County, Oregon",175268,*****
0500000US41019,41019,"Douglas County, Oregon",107685,*****
0500000US41029,41029,"Jackson County, Oregon",212567,*****
0500000US41033,41033,"Josephine County, Oregon",84745,*****
0500000US41035,41035,"Klamath County, Oregon",66016,*****
0500000US41039,41039,"Lane County, Oregon",362895,*****
0500000US41043,41043,"Linn County, Oregon",120547,*****
0500000US41047,41047,"Marion County, Oregon",330700,*****
0500000US41051,41051,"Multnomah County, Oregon",790294,*****
0500000US41053,41053,"Polk County, Oregon",79391,*****
0500000US41059,41059,"Umatilla County, Oregon",76531,*****
0500000US41067,41067,"Washington County, Oregon",574326,*****
0500000US41071,41071,"Yamhill County, Oregon",102659,*****
0500000US42001,42001,"Adams County, Pennsylvania",102295,*****
0500000US42003,42003,"Allegheny County, Pennsylvania",1230459,*****
0500000US42005,42005,"Armstrong County, Pennsylvania",67052,*****
0500000US42007,42007,"Beaver County, Pennsylvania",168871,*****
0500000US42011,42011,"Berks County, Pennsylvania",415271,*****
0500000US42013,42013,"Blair County, Pennsylvania",125593,*****
0500000US42017,42017,"Bucks County, Pennsylvania",627367,*****
0500000US42019,42019,"Butler County, Pennsylvania",186818,*****
0500000US42021,42021,"Cambria County, Pennsylvania",136411,*****
0500000US42025,42025,"Carbon County, Pennsylvania",63960,*****
0500000US42027,42027,"Centre County, Pennsylvania",160580,*****
0500000US42029,42029,"Chester County, Pennsylvania",515939,*****
0500000US42033,42033,"Clearfield County, Pennsylvania",80994,*****
0500000US42037,42037,"Columbia County, Pennsylvania",66672,*****
0500000US42039,42039,"Crawford County, Pennsylvania",86484,*****
0500000US42041,42041,"Cumberland County, Pennsylvania",246338,*****
0500000US42043,42043,"Dauphin County, Pennsylvania",272983,*****
0500000US42045,42045,"Delaware County, Pennsylvania",563894,*****
0500000US42049,42049,"Erie County, Pennsylvania",278045,*****
0500000US42051,42051,"Fayette County, Pennsylvania",133628,*****
0500000US42055,42055,"Franklin County, Pennsylvania",153638,*****
0500000US42063,42063,"Indiana County, Pennsylvania",86966,*****
0500000US42069,42069,"Lackawanna County, Pennsylvania",211917,*****
0500000US42071,42071,"Lancaster County, Pennsylvania",536624,*****
0500000US42073,42073,"Lawrence County, Pennsylvania",88082,*****
0500000US42075,42075,"Lebanon County, Pennsylvania",137067,*****
0500000US42077,42077,"Lehigh County, Pennsylvania",360685,*****
0500000US42079,42079,"Luzerne County, Pennsylvania",318449,*****
0500000US42081,42081,"Lycoming County, Pennsylvania",116048,*****
0500000US42085,42085,"Mercer County, Pennsylvania",114234,*****
0500000US42089,42089,"Monroe County, Pennsylvania",166397,*****
0500000US42091,42091,"Montgomery County, Pennsylvania",819264,*****
0500000US42095,42095,"Northampton County, Pennsylvania",300813,*****
0500000US42097,42097,"Northumberland County, Pennsylvania",93246,*****
0500000US42101,42101,"Philadelphia County, Pennsylvania",1567442,*****
0500000US42107,42107,"Schuylkill County, Pennsylvania",144590,*****
0500000US42111,42111,"Somerset County, Pennsylvania",75522,*****
0500000US42125,42125,"Washington County, Pennsylvania",208261,*****
0500000US42129,42129,"Westmoreland County, Pennsylvania",357956,*****
0500000US42133,42133,"York County, Pennsylvania",442867,*****
0500000US44003,44003,"Kent County, Rhode Island",164801,*****
0500000US44005,44005,"Newport County, Rhode Island",82423,*****
0500000US44007,44007,"Providence County, Rhode Island",633473,*****
0500000US44009,44009,"Washington County, Rhode Island",126517,*****
0500000US45003,45003,"Aiken County, South Carolina",165829,*****
0500000US45007,45007,"Anderson County, South Carolina",194692,*****
0500000US45013,45013,"Beaufort County, South Carolina",179589,*****
0500000US45015,45015,"Berkeley County, South Carolina",202786,*****
0500000US45019,45019,"Charleston County, South Carolina",389262,*****
0500000US45031,45031,"Darlington County, South Carolina",67548,*****
0500000US45035,45035,"Dorchester County, South Carolina",152478,*****
0500000US45041,45041,"Florence County, South Carolina",138900,*****
0500000US45045,45045,"Greenville County, South Carolina",491863,*****
0500000US45047,45047,"Greenwood County, South Carolina",69838,*****
0500000US45051,45051,"Horry County, South Carolina",309199,*****
0500000US45057,45057,"Lancaster County, South Carolina",85842,*****
0500000US45059,45059,"Laurens County, South Carolina",66623,*****
0500000US45063,45063,"Lexington County, South Carolina",281833,*****
0500000US45073,45073,"Oconee County, South Carolina",75713,*****
0500000US45075,45075,"Orangeburg County, South Carolina",89208,*****
0500000US45077,45077,"Pickens County, South Carolina",121691,*****
0500000US45079,45079,"Richland County, South Carolina",407051,*****
0500000US45083,45083,"Spartanburg County, South Carolina",297302,*****
0500000US45085,45085,"Sumter County, South Carolina",107480,*****
0500000US45091,45091,"York County, South Carolina",251195,*****
0500000US46099,46099,"Minnehaha County, South Dakota",185197,*****
0500000US46103,46103,"Pennington County, South Dakota",108702,*****
0500000US47001,47001,"Anderson County, Tennessee",75749,*****
0500000US47009,47009,"Blount County, Tennessee",127253,*****
0500000US47011,47011,"Bradley County, Tennessee",104091,*****
0500000US47037,47037,"Davidson County, Tennessee",678889,*****
0500000US47059,47059,"Greene County, Tennessee",68580,*****
0500000US47065,47065,"Hamilton County, Tennessee",354098,*****
0500000US47093,47093,"Knox County, Tennessee",451324,*****
0500000US47113,47113,"Madison County, Tennessee",97610,*****
0500000US47119,47119,"Maury County, Tennessee",87757,*****
0500000US47125,47125,"Montgomery County, Tennessee",193479,*****
0500000US47141,47141,"Putnam County, Tennessee",74553,*****
0500000US47147,47147,"Robertson County, Tennessee",68570,*****
0500000US47149,47149,"Rutherford County, Tennessee",298612,*****
0500000US47155,47155,"Sevier County, Tennessee",95946,*****
0500000US47157,47157,"Shelby County, Tennessee",938069,*****
0500000US47163,47163,"Sullivan County, Tennessee",156791,*****
0500000US47165,47165,"Sumner County, Tennessee",175989,*****
0500000US47179,47179,"Washington County, Tennessee",126302,*****
0500000US47187,47187,"Williamson County, Tennessee",211672,*****
0500000US47189,47189,"Wilson County, Tennessee",128911,*****
0500000US48005,48005,"Angelina County, Texas",88255,*****
0500000US48021,48021,"Bastrop County, Texas",80527,*****
0500000US48027,48027,"Bell County, Texas",334941,*****
0500000US48029,48029,"Bexar County, Texas",1897753,*****
0500000US48037,48037,"Bowie County, Texas",93389,*****
0500000US48039,48039,"Brazoria County, Texas",346312,*****
0500000US48041,48041,"Brazos County, Texas",215037,*****
0500000US48061,48061,"Cameron County, Texas",422156,*****
0500000US48085,48085,"Collin County, Texas",914127,*****
0500000US48091,48091,"Comal County, Texas",129048,*****
0500000US48099,48099,"Coryell County, Texas",75503,*****
0500000US48113,48113,"Dallas County, Texas",2553385,*****
0500000US48121,48121,"Denton County, Texas",780612,*****
0500000US48135,48135,"Ector County, Texas",159436,*****
0500000US48139,48139,"Ellis County, Texas",163632,*****
0500000US48141,48141,"El Paso County, Texas",835593,*****
0500000US48157,48157,"Fort Bend County, Texas",716087,*****
0500000US48167,48167,"Galveston County, Texas",322225,*****
0500000US48181,48181,"Grayson County, Texas",125467,*****
0500000US48183,48183,"Gregg County, Texas",124108,*****
0500000US48187,48187,"Guadalupe County, Texas",151249,*****
0500000US48201,48201,"Harris County, Texas",4538028,*****
0500000US48203,48203,"Harrison County, Texas",66746,*****
0500000US48209,48209,"Hays County, Texas",194739,*****
0500000US48213,48213,"Henderson County, Texas",79545,*****
0500000US48215,48215,"Hidalgo County, Texas",842304,*****
0500000US48231,48231,"Hunt County, Texas",89844,*****
0500000US48245,48245,"Jefferson County, Texas",254308,*****
0500000US48251,48251,"Johnson County, Texas",159990,*****
0500000US48257,48257,"Kaufman County, Texas",114690,*****
0500000US48291,48291,"Liberty County, Texas",79654,*****
0500000US48303,48303,"Lubbock County, Texas",299453,*****
0500000US48309,48309,"McLennan County, Texas",245671,*****
0500000US48329,48329,"Midland County, Texas",161077,*****
0500000US48339,48339,"Montgomery County, Texas",537559,*****
0500000US48347,48347,"Nacogdoches County, Texas",65664,*****
0500000US48355,48355,"Nueces County, Texas",359715,*****
0500000US48361,48361,"Orange County, Texas",84260,*****
0500000US48367,48367,"Parker County, Texas",126042,*****
0500000US48375,48375,"Potter County, Texas",121802,*****
0500000US48381,48381,"Randall County, Texas",130269,*****
0500000US48397,48397,"Rockwall County, Texas",90861,*****
0500000US48409,48409,"San Patricio County, Texas",67357,*****
0500000US48423,48423,"Smith County, Texas",222936,*****
0500000US48439,48439,"Tarrant County, Texas",1982498,*****
0500000US48441,48441,"Taylor County, Texas",136051,*****
0500000US48451,48451,"Tom Green County, Texas",118105,*****
0500000US48453,48453,"Travis County, Texas",1176558,*****
0500000US48469,48469,"Victoria County, Texas",92382,*****
0500000US48471,48471,"Walker County, Texas",70699,*****
0500000US48479,48479,"Webb County, Texas",269721,*****
0500000US48485,48485,"Wichita County, Texas",131705,*****
0500000US48491,48491,"Williamson County, Texas",508514,*****
0500000US49005,49005,"Cache County, Utah",120783,*****
0500000US49011,49011,"Davis County, Utah",336043,*****
0500000US49035,49035,"Salt Lake County, Utah",1107314,*****
0500000US49049,49049,"Utah County, Utah",575205,*****
0500000US49053,49053,"Washington County, Utah",155602,*****
0500000US49057,49057,"Weber County, Utah",243645,*****
0500000US50007,50007,"Chittenden County, Vermont",161382,*****
0500000US51003,51003,"Albemarle County, Virginia",105703,*****
0500000US51013,51013,"Arlington County, Virginia",229164,*****
0500000US51015,51015,"Augusta County, Virginia",74314,*****
0500000US51019,51019,"Bedford County, Virginia",77724,*****
0500000US51041,51041,"Chesterfield County, Virginia",335687,*****
0500000US51059,51059,"Fairfax County, Virginia",1142234,*****
0500000US51061,51061,"Fauquier County, Virginia",68782,*****
0500000US51069,51069,"Frederick County, Virginia",83199,*****
0500000US51085,51085,"Hanover County, Virginia",103227,*****
0500000US51087,51087,"Henrico County, Virginia",325155,*****
0500000US51095,51095,"James City County, Virginia",73147,*****
0500000US51107,51107,"Loudoun County, Virginia",375629,*****
0500000US51121,51121,"Montgomery County, Virginia",97653,*****
0500000US51153,51153,"Prince William County, Virginia",451721,*****
0500000US51161,51161,"Roanoke County, Virginia",94409,*****
0500000US51165,51165,"Rockingham County, Virginia",78593,*****
0500000US51177,51177,"Spotsylvania County, Virginia",130475,*****
0500000US51179,51179,"Stafford County, Virginia",142003,*****
0500000US51199,51199,"York County, Virginia",67837,*****
0500000US51510,51510,"Alexandria city, Virginia",153511,*****
0500000US51550,51550,"Chesapeake city, Virginia",235429,*****
0500000US51650,51650,"Hampton city, Virginia",136454,*****
0500000US51680,51680,"Lynchburg city, Virginia",79812,*****
0500000US51700,51700,"Newport News city, Virginia",182385,*****
0500000US51710,51710,"Norfolk city, Virginia",246393,*****
0500000US51740,51740,"Portsmouth city, Virginia",96201,*****
0500000US51760,51760,"Richmond city, Virginia",220289,*****
0500000US51770,51770,"Roanoke city, Virginia",99897,*****
0500000US51800,51800,"Suffolk city, Virginia",88161,*****
0500000US51810,51810,"Virginia Beach city, Virginia",452745,*****
0500000US53005,53005,"Benton County, Washington",190309,*****
0500000US53007,53007,"Chelan County, Washington",75644,*****
0500000US53009,53009,"Clallam County, Washington",73486,*****
0500000US53011,53011,"Clark County, Washington",459495,*****
0500000US53015,53015,"Cowlitz County, Washington",103468,*****
0500000US53021,53021,"Franklin County, Washington",88807,*****
0500000US53025,53025,"Grant County, Washington",93259,*****
0500000US53027,53027,"Grays Harbor County, Washington",71122,*****
0500000US53029,53029,"Island County, Washington",80593,*****
0500000US53033,53033,"King County, Washington",2117125,*****
0500000US53035,53035,"Kitsap County, Washington",260131,*****
0500000US53041,53041,"Lewis County, Washington",75882,*****
0500000US53053,53053,"Pierce County, Washington",843954,*****
0500000US53057,53057,"Skagit County, Washington",121846,*****
0500000US53061,53061,"Snohomish County, Washington",772501,*****
0500000US53063,53063,"Spokane County, Washington",490945,*****
0500000US53067,53067,"Thurston County, Washington",269536,*****
0500000US53073,53073,"Whatcom County, Washington",212284,*****
0500000US53077,53077,"Yakima County, Washington",248830,*****
0500000US54003,54003,"Berkeley County, West Virginia",111901,*****
0500000US54011,54011,"Cabell County, West Virginia",96844,*****
0500000US54033,54033,"Harrison County, West Virginia",68714,*****
0500000US54039,54039,"Kanawha County, West Virginia",188332,*****
0500000US54061,54061,"Monongalia County, West Virginia",104236,*****
0500000US54081,54081,"Raleigh County, West Virginia",77510,*****
0500000US54107,54107,"Wood County, West Virginia",86452,*****
0500000US55009,55009,"Brown County, Wisconsin",258718,*****
0500000US55025,55025,"Dane County, Wisconsin",523643,*****
0500000US55027,55027,"Dodge County, Wisconsin",88502,*****
0500000US55035,55035,"Eau Claire County, Wisconsin",102105,*****
0500000US55039,55039,"Fond du Lac County, Wisconsin",101973,*****
0500000US55055,55055,"Jefferson County, Wisconsin",84559,*****
0500000US55059,55059,"Kenosha County, Wisconsin",168437,*****
0500000US55063,55063,"La Crosse County, Wisconsin",118212,*****
0500000US55071,55071,"Manitowoc County, Wisconsin",79806,*****
0500000US55073,55073,"Marathon County, Wisconsin",135868,*****
0500000US55079,55079,"Milwaukee County, Wisconsin",957735,*****
0500000US55087,55087,"Outagamie County, Wisconsin",183245,*****
0500000US55089,55089,"Ozaukee County, Wisconsin",87850,*****
0500000US55097,55097,"Portage County, Wisconsin",70408,*****
0500000US55101,55101,"Racine County, Wisconsin",195080,*****
0500000US55105,55105,"Rock County, Wisconsin",161448,*****
0500000US55109,55109,"St. Croix County, Wisconsin",87513,*****
0500000US55117,55117,"Sheboygan County, Wisconsin",115569,*****
0500000US55127,55127,"Walworth County, Wisconsin",102804,*****
0500000US55131,55131,"Washington County, Wisconsin",133674,*****
0500000US55133,55133,"Waukesha County, Wisconsin",396488,*****
0500000US55139,55139,"Winnebago County, Wisconsin",169546,*****
0500000US55141,55141,"Wood County, Wisconsin",73435,*****
0500000US56021,56021,"Laramie County, Wyoming",97121,*****
0500000US56025,56025,"Natrona County, Wyoming",82178,*****
