GEO.id,GEO.id2,GEO.display-label,HD01_VD01,HD02_VD01
Id,Id2,Geography,Estimate; Total,Margin of Error; Total
0100000US,,United States,318857056,*****
0400000US01,01,Alabama,4849377,*****
0400000US02,02,Alaska,736732,*****
0400000US04,04,Arizona,6731484,*****
0400000US05,05,Arkansas,2966369,*****
0400000US06,06,California,38802500,*****
0400000US08,08,Colorado,5355866,*****
0400000US09,09,Connecticut,3596677,*****
0400000US10,10,Delaware,935614,*****
0400000US11,11,District of Columbia,658893,*****
0400000US12,12,Florida,19893297,*****
0400000US13,13,Georgia,10097343,*****
0400000US15,15,Hawaii,1419561,*****
0400000US16,16,Idaho,1634464,*****
0400000US17,17,Illinois,12880580,*****
0400000US18,18,Indiana,6596855,*****
0400000US19,19,Iowa,3107126,*****
0400000US20,20,Kansas,2904021,*****
0400000US21,21,Kentucky,4413457,*****
0400000US22,22,Louisiana,4649676,*****
0400000US23,23,Maine,1330089,*****
0400000US24,24,Maryland,5976407,*****
0400000US25,25,Massachusetts,6745408,*****
0400000US26,26,Michigan,9909877,*****
0400000US27,27,Minnesota,5457173,*****
0400000US28,28,Mississippi,2994079,*****
0400000US29,29,Missouri,6063589,*****
0400000US30,30,Montana,1023579,*****
0400000US31,31,Nebraska,1881503,*****
0400000US32,32,Nevada,2839099,*****
0400000US33,33,New Hampshire,1326813,*****
0400000US34,34,New Jersey,8938175,*****
0400000US35,35,New Mexico,2085572,*****
0400000US36,36,New York,19746227,*****
0400000US37,37,North Carolina,9943964,*****
0400000US38,38,North Dakota,739482,*****
0400000US39,39,Ohio,11594163,*****
0400000US40,40,Oklahoma,3878051,*****
0400000US41,41,Oregon,3970239,*****
0400000US42,42,Pennsylvania,12787209,*****
0400000US44,44,Rhode Island,1055173,*****
0400000US45,45,South Carolina,4832482,*****
0400000US46,46,South Dakota,853175,*****
0400000US47,47,Tennessee,6549352,*****
0400000US48,48,Texas,26956958,*****
0400000US49,49,Utah,2942902,*****
0400000US50,50,Vermont,626562,*****
0400000US51,51,Virginia,8326289,*****
0400000US53,53,Washington,7061530,*****
0400000US54,54,West Virginia,1850326,*****
0400000US55,55,Wisconsin,5757564,*****
0400000US56,56,Wyoming,584153,*****
0400000US72,72,Puerto Rico,3548397,*****
0500000US01003,01003,"Baldwin County, Alabama",200111,*****
0500000US01015,01015,"Calhoun County, Alabama",115916,*****
0500000US01043,01043,"Cullman County, Alabama",81289,*****
0500000US01049,01049,"DeKalb County, Alabama",71065,*****
0500000US01051,01051,"Elmore County, Alabama",80977,*****
0500000US01055,01055,"Etowah County, Alabama",103531,*****
0500000US01069,01069,"Houston County, Alabama",104193,*****
0500000US01073,01073,"Jefferson County, Alabama",660793,*****
0500000US01077,01077,"Lauderdale County, Alabama",93096,*****
0500000US01081,01081,"Lee County, Alabama",154255,*****
0500000US01083,01083,"Limestone County, Alabama",90787,*****
0500000US01089,01089,"Madison County, Alabama",350299,*****
0500000US01095,01095,"Marshall County, Alabama",94636,*****
0500000US01097,01097,"Mobile County, Alabama",415123,*****
0500000US01101,01101,"Montgomery County, Alabama",226189,*****
0500000US01103,01103,"Morgan County, Alabama",119607,*****
0500000US01115,01115,"St. Clair County, Alabama",86697,*****
0500000US01117,01117,"Shelby County, Alabama",206655,*****
0500000US01121,01121,"Talladega County, Alabama",81322,*****
0500000US01125,01125,"Tuscaloosa County, Alabama",202212,*****
0500000US01127,01127,"Walker County, Alabama",65471,*****
0500000US02020,02020,"Anchorage Municipality, Alaska",301010,*****
0500000US02090,02090,"Fairbanks North Star Borough, Alaska",99357,*****
0500000US02170,02170,"Matanuska-Susitna Borough, Alaska",97882,*****
0500000US04001,04001,"Apache County, Arizona",71828,*****
0500000US04003,04003,"Cochise County, Arizona",127448,*****
0500000US04005,04005,"Coconino County, Arizona",137682,*****
0500000US04013,04013,"Maricopa County, Arizona",4087191,*****
0500000US04015,04015,"Mohave County, Arizona",203361,*****
0500000US04017,04017,"Navajo County, Arizona",108101,*****
0500000US04019,04019,"Pima County, Arizona",1004516,*****
0500000US04021,04021,"Pinal County, Arizona",401918,*****
0500000US04025,04025,"Yavapai County, Arizona",218844,*****
0500000US04027,04027,"Yuma County, Arizona",203247,*****
0500000US05007,05007,"Benton County, Arkansas",242321,*****
0500000US05031,05031,"Craighead County, Arkansas",102518,*****
0500000US05045,05045,"Faulkner County, Arkansas",120768,*****
0500000US05051,05051,"Garland County, Arkansas",97322,*****
0500000US05069,05069,"Jefferson County, Arkansas",72297,*****
0500000US05085,05085,"Lonoke County, Arkansas",71557,*****
0500000US05119,05119,"Pulaski County, Arkansas",392702,*****
0500000US05125,05125,"Saline County, Arkansas",115719,*****
0500000US05131,05131,"Sebastian County, Arkansas",126776,*****
0500000US05143,05143,"Washington County, Arkansas",220792,*****
0500000US05145,05145,"White County, Arkansas",78592,*****
0500000US06001,06001,"Alameda County, California",1610921,*****
0500000US06007,06007,"Butte County, California",224241,*****
0500000US06013,06013,"Contra Costa County, California",1111339,*****
0500000US06017,06017,"El Dorado County, California",183087,*****
0500000US06019,06019,"Fresno County, California",965974,*****
0500000US06023,06023,"Humboldt County, California",134809,*****
0500000US06025,06025,"Imperial County, California",179091,*****
0500000US06029,06029,"Kern County, California",874589,*****
0500000US06031,06031,"Kings County, California",150269,*****
0500000US06033,06033,"Lake County, California",64184,*****
0500000US06037,06037,"Los Angeles County, California",10116705,*****
0500000US06039,06039,"Madera County, California",154548,*****
0500000US06041,06041,"Marin County, California",260750,*****
0500000US06045,06045,"Mendocino County, California",87869,*****
0500000US06047,06047,"Merced County, California",266353,*****
0500000US06053,06053,"Monterey County, California",431344,*****
0500000US06055,06055,"Napa County, California",141667,*****
0500000US06057,06057,"Nevada County, California",98893,*****
0500000US06059,06059,"Orange County, California",3145515,*****
0500000US06061,06061,"Placer County, California",371694,*****
0500000US06065,06065,"Riverside County, California",2329271,*****
0500000US06067,06067,"Sacramento County, California",1482026,*****
0500000US06071,06071,"San Bernardino County, California",2112619,*****
0500000US06073,06073,"San Diego County, California",3263431,*****
0500000US06075,06075,"San Francisco County, California",852469,*****
0500000US06077,06077,"San Joaquin County, California",715597,*****
0500000US06079,06079,"San Luis Obispo County, California",279083,*****
0500000US06081,06081,"San Mateo County, California",758581,*****
0500000US06083,06083,"Santa Barbara County, California",440668,*****
0500000US06085,06085,"Santa Clara County, California",1894605,*****
0500000US06087,06087,"Santa Cruz County, California",271804,*****
0500000US06089,06089,"Shasta County, California",179804,*****
0500000US06095,06095,"Solano County, California",431131,*****
0500000US06097,06097,"Sonoma County, California",500292,*****
0500000US06099,06099,"Stanislaus County, California",531997,*****
0500000US06101,06101,"Sutter County, California",95847,*****
0500000US06107,06107,"Tulare County, California",458198,*****
0500000US06111,06111,"Ventura County, California",846178,*****
0500000US06113,06113,"Yolo County, California",207590,*****
0500000US06115,06115,"Yuba County, California",73966,*****
0500000US08001,08001,"Adams County, Colorado",480718,*****
0500000US08005,08005,"Arapahoe County, Colorado",618821,*****
0500000US08013,08013,"Boulder County, Colorado",313333,*****
0500000US08031,08031,"Denver County, Colorado",663862,*****
0500000US08035,08035,"Douglas County, Colorado",314638,*****
0500000US08041,08041,"El Paso County, Colorado",663519,*****
0500000US08059,08059,"Jefferson County, Colorado",558503,*****
0500000US08069,08069,"Larimer County, Colorado",324122,*****
0500000US08077,08077,"Mesa County, Colorado",148255,*****
0500000US08101,08101,"Pueblo County, Colorado",161875,*****
0500000US08123,08123,"Weld County, Colorado",277670,*****
0500000US09001,09001,"Fairfield County, Connecticut",945438,*****
0500000US09003,09003,"Hartford County, Connecticut",897985,*****
0500000US09005,09005,"Litchfield County, Connecticut",184993,*****
0500000US09007,09007,"Middlesex County, Connecticut",164943,*****
0500000US09009,09009,"New Haven County, Connecticut",861277,*****
0500000US09011,09011,"New London County, Connecticut",273676,*****
0500000US09013,09013,"Tolland County, Connecticut",151367,*****
0500000US09015,09015,"Windham County, Connecticut",116998,*****
0500000US10001,10001,"Kent County, Delaware",171987,*****
0500000US10003,10003,"New Castle County, Delaware",552778,*****
0500000US10005,10005,"Sussex County, Delaware",210849,*****
0500000US11001,11001,"District of Columbia, District of Columbia",658893,*****
0500000US12001,12001,"Alachua County, Florida",256380,*****
0500000US12005,12005,"Bay County, Florida",178985,*****
0500000US12009,12009,"Brevard County, Florida",556885,*****
0500000US12011,12011,"Broward County, Florida",1869235,*****
0500000US12015,12015,"Charlotte County, Florida",168474,*****
0500000US12017,12017,"Citrus County, Florida",139377,*****
0500000US12019,12019,"Clay County, Florida",199798,*****
0500000US12021,12021,"Collier County, Florida",348777,*****
0500000US12023,12023,"Columbia County, Florida",67857,*****
0500000US12031,12031,"Duval County, Florida",897698,*****
0500000US12033,12033,"Escambia County, Florida",310659,*****
0500000US12035,12035,"Flagler County, Florida",102408,*****
0500000US12053,12053,"Hernando County, Florida",175855,*****
0500000US12055,12055,"Highlands County, Florida",98236,*****
0500000US12057,12057,"Hillsborough County, Florida",1316298,*****
0500000US12061,12061,"Indian River County, Florida",144755,*****
0500000US12069,12069,"Lake County, Florida",315690,*****
0500000US12071,12071,"Lee County, Florida",679513,*****
0500000US12073,12073,"Leon County, Florida",283988,*****
0500000US12081,12081,"Manatee County, Florida",351746,*****
0500000US12083,12083,"Marion County, Florida",339167,*****
0500000US12085,12085,"Martin County, Florida",153392,*****
0500000US12086,12086,"Miami-Dade County, Florida",2662874,*****
0500000US12087,12087,"Monroe County, Florida",77136,*****
0500000US12089,12089,"Nassau County, Florida",76619,*****
0500000US12091,12091,"Okaloosa County, Florida",196512,*****
0500000US12095,12095,"Orange County, Florida",1253001,*****
0500000US12097,12097,"Osceola County, Florida",310211,*****
0500000US12099,12099,"Palm Beach County, Florida",1397710,*****
0500000US12101,12101,"Pasco County, Florida",485331,*****
0500000US12103,12103,"Pinellas County, Florida",938098,*****
0500000US12105,12105,"Polk County, Florida",634638,*****
0500000US12107,12107,"Putnam County, Florida",72143,*****
0500000US12109,12109,"St. Johns County, Florida",217919,*****
0500000US12111,12111,"St. Lucie County, Florida",291028,*****
0500000US12113,12113,"Santa Rosa County, Florida",163422,*****
0500000US12115,12115,"Sarasota County, Florida",396962,*****
0500000US12117,12117,"Seminole County, Florida",442516,*****
0500000US12119,12119,"Sumter County, Florida",114350,*****
0500000US12127,12127,"Volusia County, Florida",507531,*****
0500000US13013,13013,"Barrow County, Georgia",73240,*****
0500000US13015,13015,"Bartow County, Georgia",101736,*****
0500000US13021,13021,"Bibb County, Georgia",153905,*****
0500000US13031,13031,"Bulloch County, Georgia",72087,*****
0500000US13045,13045,"Carroll County, Georgia",114093,*****
0500000US13047,13047,"Catoosa County, Georgia",65621,*****
0500000US13051,13051,"Chatham County, Georgia",283379,*****
0500000US13057,13057,"Cherokee County, Georgia",230985,*****
0500000US13059,13059,"Clarke County, Georgia",120938,*****
0500000US13063,13063,"Clayton County, Georgia",267542,*****
0500000US13067,13067,"Cobb County, Georgia",730981,*****
0500000US13073,13073,"Columbia County, Georgia",139257,*****
0500000US13077,13077,"Coweta County, Georgia",135571,*****
0500000US13089,13089,"DeKalb County, Georgia",722161,*****
0500000US13095,13095,"Dougherty County, Georgia",92407,*****
0500000US13097,13097,"Douglas County, Georgia",138776,*****
0500000US13113,13113,"Fayette County, Georgia",109664,*****
0500000US13115,13115,"Floyd County, Georgia",96063,*****
0500000US13117,13117,"Forsyth County, Georgia",204302,*****
0500000US13121,13121,"Fulton County, Georgia",996319,*****
0500000US13127,13127,"Glynn County, Georgia",82175,*****
0500000US13135,13135,"Gwinnett County, Georgia",877922,*****
0500000US13139,13139,"Hall County, Georgia",190761,*****
0500000US13151,13151,"Henry County, Georgia",213869,*****
0500000US13153,13153,"Houston County, Georgia",149111,*****
0500000US13179,13179,"Liberty County, Georgia",65198,*****
0500000US13185,13185,"Lowndes County, Georgia",113523,*****
0500000US13215,13215,"Muscogee County, Georgia",200887,*****
0500000US13217,13217,"Newton County, Georgia",103675,*****
0500000US13223,13223,"Paulding County, Georgia",148987,*****
0500000US13245,13245,"Richmond County, Georgia",201368,*****
0500000US13247,13247,"Rockdale County, Georgia",87754,*****
0500000US13285,13285,"Troup County, Georgia",69469,*****
0500000US13295,13295,"Walker County, Georgia",68218,*****
0500000US13297,13297,"Walton County, Georgia",87615,*****
0500000US13313,13313,"Whitfield County, Georgia",103542,*****
0500000US15001,15001,"Hawaii County, Hawaii",194190,*****
0500000US15003,15003,"Honolulu County, Hawaii",991788,*****
0500000US15007,15007,"Kauai County, Hawaii",70475,*****
0500000US15009,15009,"Maui County, Hawaii",163046,57
0500000US16001,16001,"Ada County, Idaho",426236,*****
0500000US16005,16005,"Bannock County, Idaho",83347,*****
0500000US16019,16019,"Bonneville County, Idaho",108623,*****
0500000US16027,16027,"Canyon County, Idaho",203143,*****
0500000US16055,16055,"Kootenai County, Idaho",147326,*****
0500000US16083,16083,"Twin Falls County, Idaho",80914,*****
0500000US17001,17001,"Adams County, Illinois",66988,*****
0500000US17019,17019,"Champaign County, Illinois",207133,*****
0500000US17031,17031,"Cook County, Illinois",5246456,*****
0500000US17037,17037,"DeKalb County, Illinois",105462,*****
0500000US17043,17043,"DuPage County, Illinois",932708,*****
0500000US17089,17089,"Kane County, Illinois",527306,*****
0500000US17091,17091,"Kankakee County, Illinois",111375,*****
0500000US17093,17093,"Kendall County, Illinois",121350,*****
0500000US17097,17097,"Lake County, Illinois",705186,*****
0500000US17099,17099,"LaSalle County, Illinois",111241,*****
0500000US17111,17111,"McHenry County, Illinois",307283,*****
0500000US17113,17113,"McLean County, Illinois",174061,*****
0500000US17115,17115,"Macon County, Illinois",108350,*****
0500000US17119,17119,"Madison County, Illinois",266560,*****
0500000US17143,17143,"Peoria County, Illinois",187319,*****
0500000US17161,17161,"Rock Island County, Illinois",146063,*****
0500000US17163,17163,"St. Clair County, Illinois",265729,*****
0500000US17167,17167,"Sangamon County, Illinois",198997,*****
0500000US17179,17179,"Tazewell County, Illinois",135707,*****
0500000US17183,17183,"Vermilion County, Illinois",79728,*****
0500000US17197,17197,"Will County, Illinois",685419,*****
0500000US17199,17199,"Williamson County, Illinois",67008,*****
0500000US17201,17201,"Winnebago County, Illinois",288542,*****
0500000US18003,18003,"Allen County, Indiana",365918,*****
0500000US18005,18005,"Bartholomew County, Indiana",80217,*****
0500000US18019,18019,"Clark County, Indiana",114262,*****
0500000US18035,18035,"Delaware County, Indiana",117074,*****
0500000US18039,18039,"Elkhart County, Indiana",201971,*****
0500000US18043,18043,"Floyd County, Indiana",76179,*****
0500000US18053,18053,"Grant County, Indiana",68569,*****
0500000US18057,18057,"Hamilton County, Indiana",302623,*****
0500000US18059,18059,"Hancock County, Indiana",71978,*****
0500000US18063,18063,"Hendricks County, Indiana",156056,*****
0500000US18067,18067,"Howard County, Indiana",82982,*****
0500000US18081,18081,"Johnson County, Indiana",147538,*****
0500000US18085,18085,"Kosciusko County, Indiana",78564,*****
0500000US18089,18089,"Lake County, Indiana",490228,*****
0500000US18091,18091,"LaPorte County, Indiana",111444,*****
0500000US18095,18095,"Madison County, Indiana",130069,*****
0500000US18097,18097,"Marion County, Indiana",934243,*****
0500000US18105,18105,"Monroe County, Indiana",143339,*****
0500000US18109,18109,"Morgan County, Indiana",69693,*****
0500000US18127,18127,"Porter County, Indiana",167076,*****
0500000US18141,18141,"St. Joseph County, Indiana",267618,*****
0500000US18157,18157,"Tippecanoe County, Indiana",183074,*****
0500000US18163,18163,"Vanderburgh County, Indiana",182006,*****
0500000US18167,18167,"Vigo County, Indiana",108175,*****
0500000US18177,18177,"Wayne County, Indiana",67671,*****
0500000US19013,19013,"Black Hawk County, Iowa",132897,*****
0500000US19049,19049,"Dallas County, Iowa",77400,*****
0500000US19061,19061,"Dubuque County, Iowa",96370,*****
0500000US19103,19103,"Johnson County, Iowa",142287,*****
0500000US19113,19113,"Linn County, Iowa",217751,*****
0500000US19153,19153,"Polk County, Iowa",459862,*****
0500000US19155,19155,"Pottawattamie County, Iowa",93128,*****
0500000US19163,19163,"Scott County, Iowa",171387,*****
0500000US19169,19169,"Story County, Iowa",94073,*****
0500000US19193,19193,"Woodbury County, Iowa",102271,*****
0500000US20015,20015,"Butler County, Kansas",66227,*****
0500000US20045,20045,"Douglas County, Kansas",116585,*****
0500000US20091,20091,"Johnson County, Kansas",574272,*****
0500000US20103,20103,"Leavenworth County, Kansas",78797,*****
0500000US20161,20161,"Riley County, Kansas",75194,*****
0500000US20173,20173,"Sedgwick County, Kansas",508803,*****
0500000US20177,20177,"Shawnee County, Kansas",178406,*****
0500000US20209,20209,"Wyandotte County, Kansas",161636,*****
0500000US21015,21015,"Boone County, Kentucky",126413,*****
0500000US21029,21029,"Bullitt County, Kentucky",77955,*****
0500000US21037,21037,"Campbell County, Kentucky",91833,*****
0500000US21047,21047,"Christian County, Kentucky",74250,*****
0500000US21059,21059,"Daviess County, Kentucky",98275,*****
0500000US21067,21067,"Fayette County, Kentucky",310797,*****
0500000US21093,21093,"Hardin County, Kentucky",108266,*****
0500000US21111,21111,"Jefferson County, Kentucky",760026,*****
0500000US21117,21117,"Kenton County, Kentucky",163929,*****
0500000US21145,21145,"McCracken County, Kentucky",65316,*****
0500000US21151,21151,"Madison County, Kentucky",87340,*****
0500000US21195,21195,"Pike County, Kentucky",63034,*****
0500000US21227,21227,"Warren County, Kentucky",120460,*****
0500000US22005,22005,"Ascension Parish, Louisiana",117029,*****
0500000US22015,22015,"Bossier Parish, Louisiana",125064,*****
0500000US22017,22017,"Caddo Parish, Louisiana",252603,*****
0500000US22019,22019,"Calcasieu Parish, Louisiana",197204,*****
0500000US22033,22033,"East Baton Rouge Parish, Louisiana",446042,*****
0500000US22045,22045,"Iberia Parish, Louisiana",73913,*****
0500000US22051,22051,"Jefferson Parish, Louisiana",435716,*****
0500000US22055,22055,"Lafayette Parish, Louisiana",235644,*****
0500000US22057,22057,"Lafourche Parish, Louisiana",98020,*****
0500000US22063,22063,"Livingston Parish, Louisiana",135751,*****
0500000US22071,22071,"Orleans Parish, Louisiana",384320,*****
0500000US22073,22073,"Ouachita Parish, Louisiana",156325,*****
0500000US22079,22079,"Rapides Parish, Louisiana",132488,*****
0500000US22097,22097,"St. Landry Parish, Louisiana",83709,*****
0500000US22103,22103,"St. Tammany Parish, Louisiana",245829,*****
0500000US22105,22105,"Tangipahoa Parish, Louisiana",127049,*****
0500000US22109,22109,"Terrebonne Parish, Louisiana",113328,*****
0500000US23001,23001,"Androscoggin County, Maine",107440,*****
0500000US23003,23003,"Aroostook County, Maine",69447,*****
0500000US23005,23005,"Cumberland County, Maine",287797,*****
0500000US23011,23011,"Kennebec County, Maine",121112,*****
0500000US23019,23019,"Penobscot County, Maine",153414,*****
0500000US23031,23031,"York County, Maine",200710,*****
0500000US24001,24001,"Allegany County, Maryland",72952,*****
0500000US24003,24003,"Anne Arundel County, Maryland",560133,*****
0500000US24005,24005,"Baltimore County, Maryland",826925,*****
0500000US24009,24009,"Calvert County, Maryland",90613,*****
0500000US24013,24013,"Carroll County, Maryland",167830,*****
0500000US24015,24015,"Cecil County, Maryland",102383,*****
0500000US24017,24017,"Charles County, Maryland",154747,*****
0500000US24021,24021,"Frederick County, Maryland",243675,*****
0500000US24025,24025,"Harford County, Maryland",250105,*****
0500000US24027,24027,"Howard County, Maryland",309284,*****
0500000US24031,24031,"Montgomery County, Maryland",1030447,*****
0500000US24033,24033,"Prince George's County, Maryland",904430,*****
0500000US24037,24037,"St. Mary's County, Maryland",110382,*****
0500000US24043,24043,"Washington County, Maryland",149573,*****
0500000US24045,24045,"Wicomico County, Maryland",101539,*****
0500000US24510,24510,"Baltimore city, Maryland",622793,*****
0500000US25001,25001,"Barnstable County, Massachusetts",214914,*****
0500000US25003,25003,"Berkshire County, Massachusetts",128715,*****
0500000US25005,25005,"Bristol County, Massachusetts",554194,*****
0500000US25009,25009,"Essex County, Massachusetts",769091,*****
0500000US25011,25011,"Franklin County, Massachusetts",70862,*****
0500000US25013,25013,"Hampden County, Massachusetts",468161,*****
0500000US25015,25015,"Hampshire County, Massachusetts",160939,*****
0500000US25017,25017,"Middlesex County, Massachusetts",1570315,*****
0500000US25021,25021,"Norfolk County, Massachusetts",692254,*****
0500000US25023,25023,"Plymouth County, Massachusetts",507022,*****
0500000US25025,25025,"Suffolk County, Massachusetts",767254,*****
0500000US25027,25027,"Worcester County, Massachusetts",813475,*****
0500000US26005,26005,"Allegan County, Michigan",113847,*****
0500000US26017,26017,"Bay County, Michigan",106179,*****
0500000US26021,26021,"Berrien County, Michigan",155233,*****
0500000US26025,26025,"Calhoun County, Michigan",134878,*****
0500000US26037,26037,"Clinton County, Michigan",77297,*****
0500000US26045,26045,"Eaton County, Michigan",108579,*****
0500000US26049,26049,"Genesee County, Michigan",412895,*****
0500000US26055,26055,"Grand Traverse County, Michigan",90782,*****
0500000US26065,26065,"Ingham County, Michigan",284582,*****
0500000US26073,26073,"Isabella County, Michigan",70616,*****
0500000US26075,26075,"Jackson County, Michigan",159741,*****
0500000US26077,26077,"Kalamazoo County, Michigan",258818,*****
0500000US26081,26081,"Kent County, Michigan",629237,*****
0500000US26087,26087,"Lapeer County, Michigan",88153,*****
0500000US26091,26091,"Lenawee County, Michigan",99047,*****
0500000US26093,26093,"Livingston County, Michigan",185596,*****
0500000US26099,26099,"Macomb County, Michigan",860112,*****
0500000US26103,26103,"Marquette County, Michigan",67676,*****
0500000US26111,26111,"Midland County, Michigan",83427,*****
0500000US26115,26115,"Monroe County, Michigan",149824,*****
0500000US26121,26121,"Muskegon County, Michigan",172344,*****
0500000US26125,26125,"Oakland County, Michigan",1237868,*****
0500000US26139,26139,"Ottawa County, Michigan",276292,*****
0500000US26145,26145,"Saginaw County, Michigan",195012,*****
0500000US26147,26147,"St. Clair County, Michigan",160078,*****
0500000US26155,26155,"Shiawassee County, Michigan",68933,*****
0500000US26159,26159,"Van Buren County, Michigan",75199,*****
0500000US26161,26161,"Washtenaw County, Michigan",356874,*****
0500000US26163,26163,"Wayne County, Michigan",1764804,*****
0500000US27003,27003,"Anoka County, Minnesota",341864,*****
0500000US27013,27013,"Blue Earth County, Minnesota",65385,*****
0500000US27019,27019,"Carver County, Minnesota",97338,*****
0500000US27037,27037,"Dakota County, Minnesota",412529,*****
0500000US27053,27053,"Hennepin County, Minnesota",1212064,*****
0500000US27109,27109,"Olmsted County, Minnesota",150287,*****
0500000US27123,27123,"Ramsey County, Minnesota",532655,*****
0500000US27131,27131,"Rice County, Minnesota",65151,*****
0500000US27137,27137,"St. Louis County, Minnesota",200949,*****
0500000US27139,27139,"Scott County, Minnesota",139672,*****
0500000US27141,27141,"Sherburne County, Minnesota",91126,*****
0500000US27145,27145,"Stearns County, Minnesota",152912,*****
0500000US27163,27163,"Washington County, Minnesota",249283,*****
0500000US27171,27171,"Wright County, Minnesota",129918,*****
0500000US28033,28033,"DeSoto County, Mississippi",170913,*****
0500000US28035,28035,"Forrest County, Mississippi",76330,*****
0500000US28047,28047,"Harrison County, Mississippi",199058,*****
0500000US28049,28049,"Hinds County, Mississippi",243729,*****
0500000US28059,28059,"Jackson County, Mississippi",141137,*****
0500000US28067,28067,"Jones County, Mississippi",68290,*****
0500000US28075,28075,"Lauderdale County, Mississippi",79739,*****
0500000US28081,28081,"Lee County, Mississippi",85246,*****
0500000US28089,28089,"Madison County, Mississippi",101688,*****
0500000US28121,28121,"Rankin County, Mississippi",148070,*****
0500000US29019,29019,"Boone County, Missouri",172717,*****
0500000US29021,29021,"Buchanan County, Missouri",89486,*****
0500000US29031,29031,"Cape Girardeau County, Missouri",78043,*****
0500000US29037,29037,"Cass County, Missouri",100889,*****
0500000US29043,29043,"Christian County, Missouri",82101,*****
0500000US29047,29047,"Clay County, Missouri",233682,*****
0500000US29051,29051,"Cole County, Missouri",76557,*****
0500000US29071,29071,"Franklin County, Missouri",102084,*****
0500000US29077,29077,"Greene County, Missouri",285865,*****
0500000US29095,29095,"Jackson County, Missouri",683191,*****
0500000US29097,29097,"Jasper County, Missouri",117543,*****
0500000US29099,29099,"Jefferson County, Missouri",222716,*****
0500000US29165,29165,"Platte County, Missouri",94788,*****
0500000US29183,29183,"St. Charles County, Missouri",379493,*****
0500000US29187,29187,"St. Francois County, Missouri",65960,*****
0500000US29189,29189,"St. Louis County, Missouri",1001876,*****
0500000US29510,29510,"St. Louis city, Missouri",317419,*****
0500000US30013,30013,"Cascade County, Montana",82344,*****
0500000US30029,30029,"Flathead County, Montana",94924,*****
0500000US30031,30031,"Gallatin County, Montana",97308,*****
0500000US30049,30049,"Lewis and Clark County, Montana",65856,*****
0500000US30063,30063,"Missoula County, Montana",112684,*****
0500000US30111,30111,"Yellowstone County, Montana",155634,*****
0500000US31055,31055,"Douglas County, Nebraska",543244,*****
0500000US31109,31109,"Lancaster County, Nebraska",301795,*****
0500000US31153,31153,"Sarpy County, Nebraska",172193,*****
0500000US32003,32003,"Clark County, Nevada",2069681,*****
0500000US32031,32031,"Washoe County, Nevada",440078,*****
0500000US33005,33005,"Cheshire County, New Hampshire",76115,*****
0500000US33009,33009,"Grafton County, New Hampshire",89658,*****
0500000US33011,33011,"Hillsborough County, New Hampshire",405184,*****
0500000US33013,33013,"Merrimack County, New Hampshire",147171,*****
0500000US33015,33015,"Rockingham County, New Hampshire",300621,*****
0500000US33017,33017,"Strafford County, New Hampshire",125604,*****
0500000US34001,34001,"Atlantic County, New Jersey",275209,*****
0500000US34003,34003,"Bergen County, New Jersey",933572,*****
0500000US34005,34005,"Burlington County, New Jersey",449722,*****
0500000US34007,34007,"Camden County, New Jersey",511038,*****
0500000US34009,34009,"Cape May County, New Jersey",95344,*****
0500000US34011,34011,"Cumberland County, New Jersey",157389,*****
0500000US34013,34013,"Essex County, New Jersey",795723,*****
0500000US34015,34015,"Gloucester County, New Jersey",290951,*****
0500000US34017,34017,"Hudson County, New Jersey",669115,*****
0500000US34019,34019,"Hunterdon County, New Jersey",126067,*****
0500000US34021,34021,"Mercer County, New Jersey",371537,*****
0500000US34023,34023,"Middlesex County, New Jersey",836297,*****
0500000US34025,34025,"Monmouth County, New Jersey",629279,*****
0500000US34027,34027,"Morris County, New Jersey",499727,*****
0500000US34029,34029,"Ocean County, New Jersey",586301,*****
0500000US34031,34031,"Passaic County, New Jersey",508856,*****
0500000US34033,34033,"Salem County, New Jersey",64715,*****
0500000US34035,34035,"Somerset County, New Jersey",332568,*****
0500000US34037,34037,"Sussex County, New Jersey",144909,*****
0500000US34039,34039,"Union County, New Jersey",552939,*****
0500000US34041,34041,"Warren County, New Jersey",106917,*****
0500000US35001,35001,"Bernalillo County, New Mexico",675551,*****
0500000US35005,35005,"Chaves County, New Mexico",65878,*****
0500000US35013,35013,"Doña Ana County, New Mexico",213676,*****
0500000US35025,35025,"Lea County, New Mexico",69999,*****
0500000US35031,35031,"McKinley County, New Mexico",74098,*****
0500000US35035,35035,"Otero County, New Mexico",65082,*****
0500000US35043,35043,"Sandoval County, New Mexico",137608,*****
0500000US35045,35045,"San Juan County, New Mexico",123785,*****
0500000US35049,35049,"Santa Fe County, New Mexico",148164,*****
0500000US35061,35061,"Valencia County, New Mexico",75817,*****
0500000US36001,36001,"Albany County, New York",308171,*****
0500000US36005,36005,"Bronx County, New York",1438159,*****
0500000US36007,36007,"Broome County, New York",197349,*****
0500000US36009,36009,"Cattaraugus County, New York",78600,*****
0500000US36011,36011,"Cayuga County, New York",78823,*****
0500000US36013,36013,"Chautauqua County, New York",132053,*****
0500000US36015,36015,"Chemung County, New York",87770,*****
0500000US36019,36019,"Clinton County, New York",81632,*****
0500000US36027,36027,"Dutchess County, New York",296579,*****
0500000US36029,36029,"Erie County, New York",922835,*****
0500000US36045,36045,"Jefferson County, New York",119103,*****
0500000US36047,36047,"Kings County, New York",2621793,*****
0500000US36051,36051,"Livingston County, New York",64586,*****
0500000US36053,36053,"Madison County, New York",72369,*****
0500000US36055,36055,"Monroe County, New York",749857,*****
0500000US36059,36059,"Nassau County, New York",1358627,*****
0500000US36061,36061,"New York County, New York",1636268,*****
0500000US36063,36063,"Niagara County, New York",213525,*****
0500000US36065,36065,"Oneida County, New York",232871,*****
0500000US36067,36067,"Onondaga County, New York",468196,*****
0500000US36069,36069,"Ontario County, New York",109707,*****
0500000US36071,36071,"Orange County, New York",376099,*****
0500000US36075,36075,"Oswego County, New York",120913,*****
0500000US36079,36079,"Putnam County, New York",99487,*****
0500000US36081,36081,"Queens County, New York",2321580,*****
0500000US36083,36083,"Rensselaer County, New York",159774,*****
0500000US36085,36085,"Richmond County, New York",473279,*****
0500000US36087,36087,"Rockland County, New York",323866,*****
0500000US36089,36089,"St. Lawrence County, New York",111400,*****
0500000US36091,36091,"Saratoga County, New York",224921,*****
0500000US36093,36093,"Schenectady County, New York",155735,*****
0500000US36101,36101,"Steuben County, New York",98394,*****
0500000US36103,36103,"Suffolk County, New York",1502968,*****
0500000US36105,36105,"Sullivan County, New York",75943,*****
0500000US36109,36109,"Tompkins County, New York",104691,*****
0500000US36111,36111,"Ulster County, New York",180445,*****
0500000US36113,36113,"Warren County, New York",64973,*****
0500000US36117,36117,"Wayne County, New York",92051,*****
0500000US36119,36119,"Westchester County, New York",972634,*****
0500000US37001,37001,"Alamance County, North Carolina",155792,*****
0500000US37019,37019,"Brunswick County, North Carolina",118836,*****
0500000US37021,37021,"Buncombe County, North Carolina",250539,*****
0500000US37023,37023,"Burke County, North Carolina",89486,*****
0500000US37025,37025,"Cabarrus County, North Carolina",192103,*****
0500000US37027,37027,"Caldwell County, North Carolina",81484,*****
0500000US37031,37031,"Carteret County, North Carolina",68811,*****
0500000US37035,37035,"Catawba County, North Carolina",154534,*****
0500000US37037,37037,"Chatham County, North Carolina",68698,*****
0500000US37045,37045,"Cleveland County, North Carolina",97076,*****
0500000US37049,37049,"Craven County, North Carolina",104510,*****
0500000US37051,37051,"Cumberland County, North Carolina",326328,*****
0500000US37057,37057,"Davidson County, North Carolina",164072,*****
0500000US37063,37063,"Durham County, North Carolina",294460,*****
0500000US37067,37067,"Forsyth County, North Carolina",365298,*****
0500000US37071,37071,"Gaston County, North Carolina",211127,*****
0500000US37081,37081,"Guilford County, North Carolina",512119,*****
0500000US37085,37085,"Harnett County, North Carolina",126666,*****
0500000US37089,37089,"Henderson County, North Carolina",111149,*****
0500000US37097,37097,"Iredell County, North Carolina",166675,*****
0500000US37101,37101,"Johnston County, North Carolina",181423,*****
0500000US37109,37109,"Lincoln County, North Carolina",79829,*****
0500000US37119,37119,"Mecklenburg County, North Carolina",1012539,*****
0500000US37125,37125,"Moore County, North Carolina",93077,*****
0500000US37127,37127,"Nash County, North Carolina",94357,*****
0500000US37129,37129,"New Hanover County, North Carolina",216298,*****
0500000US37133,37133,"Onslow County, North Carolina",187589,*****
0500000US37135,37135,"Orange County, North Carolina",140420,*****
0500000US37147,37147,"Pitt County, North Carolina",175354,*****
0500000US37151,37151,"Randolph County, North Carolina",142778,*****
0500000US37155,37155,"Robeson County, North Carolina",134760,*****
0500000US37157,37157,"Rockingham County, North Carolina",91696,*****
0500000US37159,37159,"Rowan County, North Carolina",138630,*****
0500000US37161,37161,"Rutherford County, North Carolina",66600,*****
0500000US37171,37171,"Surry County, North Carolina",72968,*****
0500000US37179,37179,"Union County, North Carolina",218568,*****
0500000US37183,37183,"Wake County, North Carolina",998691,*****
0500000US37191,37191,"Wayne County, North Carolina",124456,*****
0500000US37193,37193,"Wilkes County, North Carolina",68838,*****
0500000US37195,37195,"Wilson County, North Carolina",81401,*****
0500000US38015,38015,"Burleigh County, North Dakota",90503,*****
0500000US38017,38017,"Cass County, North Dakota",167005,*****
0500000US38035,38035,"Grand Forks County, North Dakota",70138,*****
0500000US38101,38101,"Ward County, North Dakota",69384,*****
0500000US39003,39003,"Allen County, Ohio",105040,*****
0500000US39007,39007,"Ashtabula County, Ohio",99175,*****
0500000US39013,39013,"Belmont County, Ohio",69461,*****
0500000US39017,39017,"Butler County, Ohio",374158,*****
0500000US39023,39023,"Clark County, Ohio",136554,*****
0500000US39025,39025,"Clermont County, Ohio",201560,*****
0500000US39029,39029,"Columbiana County, Ohio",105686,*****
0500000US39035,39035,"Cuyahoga County, Ohio",1259828,*****
0500000US39041,39041,"Delaware County, Ohio",189113,*****
0500000US39043,39043,"Erie County, Ohio",75828,*****
0500000US39045,39045,"Fairfield County, Ohio",150381,*****
0500000US39049,39049,"Franklin County, Ohio",1231393,*****
0500000US39055,39055,"Geauga County, Ohio",94295,*****
0500000US39057,39057,"Greene County, Ohio",163820,*****
0500000US39061,39061,"Hamilton County, Ohio",806631,*****
0500000US39063,39063,"Hancock County, Ohio",75337,*****
0500000US39081,39081,"Jefferson County, Ohio",67694,*****
0500000US39085,39085,"Lake County, Ohio",229230,*****
0500000US39089,39089,"Licking County, Ohio",169390,*****
0500000US39093,39093,"Lorain County, Ohio",304216,*****
0500000US39095,39095,"Lucas County, Ohio",435286,*****
0500000US39099,39099,"Mahoning County, Ohio",233204,*****
0500000US39101,39101,"Marion County, Ohio",65720,*****
0500000US39103,39103,"Medina County, Ohio",176029,*****
0500000US39109,39109,"Miami County, Ohio",103900,*****
0500000US39113,39113,"Montgomery County, Ohio",533116,*****
0500000US39119,39119,"Muskingum County, Ohio",85818,*****
0500000US39133,39133,"Portage County, Ohio",161882,*****
0500000US39139,39139,"Richland County, Ohio",121942,*****
0500000US39141,39141,"Ross County, Ohio",77159,*****
0500000US39145,39145,"Scioto County, Ohio",77258,*****
0500000US39151,39151,"Stark County, Ohio",375736,*****
0500000US39153,39153,"Summit County, Ohio",541943,*****
0500000US39155,39155,"Trumbull County, Ohio",205175,*****
0500000US39157,39157,"Tuscarawas County, Ohio",92788,*****
0500000US39165,39165,"Warren County, Ohio",221659,*****
0500000US39169,39169,"Wayne County, Ohio",115537,*****
0500000US39173,39173,"Wood County, Ohio",129590,*****
0500000US40017,40017,"Canadian County, Oklahoma",129582,*****
0500000US40027,40027,"Cleveland County, Oklahoma",269908,*****
0500000US40031,40031,"Comanche County, Oklahoma",125033,*****
0500000US40037,40037,"Creek County, Oklahoma",70632,*****
0500000US40101,40101,"Muskogee County, Oklahoma",69966,*****
0500000US40109,40109,"Oklahoma County, Oklahoma",766215,*****
0500000US40119,40119,"Payne County, Oklahoma",80264,*****
0500000US40125,40125,"Pottawatomie County, Oklahoma",71811,*****
0500000US40131,40131,"Rogers County, Oklahoma",89815,*****
0500000US40143,40143,"Tulsa County, Oklahoma",629598,*****
0500000US40145,40145,"Wagoner County, Oklahoma",75702,*****
0500000US41003,41003,"Benton County, Oregon",86316,*****
0500000US41005,41005,"Clackamas County, Oregon",394972,*****
0500000US41017,41017,"Deschutes County, Oregon",170388,*****
0500000US41019,41019,"Douglas County, Oregon",106972,*****
0500000US41029,41029,"Jackson County, Oregon",210287,*****
0500000US41033,41033,"Josephine County, Oregon",83599,*****
0500000US41035,41035,"Klamath County, Oregon",65455,*****
0500000US41039,41039,"Lane County, Oregon",358337,*****
0500000US41043,41043,"Linn County, Oregon",119356,*****
0500000US41047,41047,"Marion County, Oregon",326110,*****
0500000US41051,41051,"Multnomah County, Oregon",776712,*****
0500000US41053,41053,"Polk County, Oregon",77916,*****
0500000US41059,41059,"Umatilla County, Oregon",76705,*****
0500000US41067,41067,"Washington County, Oregon",562998,*****
0500000US41071,41071,"Yamhill County, Oregon",101758,*****
0500000US42001,42001,"Adams County, Pennsylvania",101714,*****
0500000US42003,42003,"Allegheny County, Pennsylvania",1231255,*****
0500000US42005,42005,"Armstrong County, Pennsylvania",67785,*****
0500000US42007,42007,"Beaver County, Pennsylvania",169392,*****
0500000US42011,42011,"Berks County, Pennsylvania",413691,*****
0500000US42013,42013,"Blair County, Pennsylvania",125955,*****
0500000US42017,42017,"Bucks County, Pennsylvania",626685,*****
0500000US42019,42019,"Butler County, Pennsylvania",185943,*****
0500000US42021,42021,"Cambria County, Pennsylvania",137732,*****
0500000US42025,42025,"Carbon County, Pennsylvania",64441,*****
0500000US42027,42027,"Centre County, Pennsylvania",158742,*****
0500000US42029,42029,"Chester County, Pennsylvania",512784,*****
0500000US42033,42033,"Clearfield County, Pennsylvania",81191,*****
0500000US42037,42037,"Columbia County, Pennsylvania",67122,*****
0500000US42039,42039,"Crawford County, Pennsylvania",87175,*****
0500000US42041,42041,"Cumberland County, Pennsylvania",243762,*****
0500000US42043,42043,"Dauphin County, Pennsylvania",271453,*****
0500000US42045,42045,"Delaware County, Pennsylvania",562960,*****
0500000US42049,42049,"Erie County, Pennsylvania",278443,*****
0500000US42051,42051,"Fayette County, Pennsylvania",134086,*****
0500000US42055,42055,"Franklin County, Pennsylvania",152892,*****
0500000US42063,42063,"Indiana County, Pennsylvania",87706,*****
0500000US42069,42069,"Lackawanna County, Pennsylvania",212719,*****
0500000US42071,42071,"Lancaster County, Pennsylvania",533320,*****
0500000US42073,42073,"Lawrence County, Pennsylvania",88771,*****
0500000US42075,42075,"Lebanon County, Pennsylvania",136359,*****
0500000US42077,42077,"Lehigh County, Pennsylvania",357823,*****
0500000US42079,42079,"Luzerne County, Pennsylvania",318829,*****
0500000US42081,42081,"Lycoming County, Pennsylvania",116508,*****
0500000US42085,42085,"Mercer County, Pennsylvania",114884,*****
0500000US42089,42089,"Monroe County, Pennsylvania",166314,*****
0500000US42091,42091,"Montgomery County, Pennsylvania",816857,*****
0500000US42095,42095,"Northampton County, Pennsylvania",300654,*****
0500000US42097,42097,"Northumberland County, Pennsylvania",93944,*****
0500000US42101,42101,"Philadelphia County, Pennsylvania",1560297,*****
0500000US42107,42107,"Schuylkill County, Pennsylvania",145797,*****
0500000US42111,42111,"Somerset County, Pennsylvania",76218,*****
0500000US42125,42125,"Washington County, Pennsylvania",208187,*****
0500000US42129,42129,"Westmoreland County, Pennsylvania",359320,*****
0500000US42133,42133,"York County, Pennsylvania",440755,*****
0500000US44003,44003,"Kent County, Rhode Island",165128,*****
0500000US44005,44005,"Newport County, Rhode Island",82358,*****
0500000US44007,44007,"Providence County, Rhode Island",631974,*****
0500000US44009,44009,"Washington County, Rhode Island",126653,*****
0500000US45003,45003,"Aiken County, South Carolina",164753,*****
0500000US45007,45007,"Anderson County, South Carolina",192810,*****
0500000US45013,45013,"Beaufort County, South Carolina",175852,*****
0500000US45015,45015,"Berkeley County, South Carolina",198205,*****
0500000US45019,45019,"Charleston County, South Carolina",381015,*****
0500000US45031,45031,"Darlington County, South Carolina",67799,*****
0500000US45035,45035,"Dorchester County, South Carolina",148469,*****
0500000US45041,45041,"Florence County, South Carolina",139231,*****
0500000US45045,45045,"Greenville County, South Carolina",482752,*****
0500000US45047,45047,"Greenwood County, South Carolina",69520,*****
0500000US45051,45051,"Horry County, South Carolina",298832,*****
0500000US45057,45057,"Lancaster County, South Carolina",83160,*****
0500000US45059,45059,"Laurens County, South Carolina",66533,*****
0500000US45063,45063,"Lexington County, South Carolina",277888,*****
0500000US45073,45073,"Oconee County, South Carolina",75192,*****
0500000US45075,45075,"Orangeburg County, South Carolina",90090,*****
0500000US45077,45077,"Pickens County, South Carolina",120368,*****
0500000US45079,45079,"Richland County, South Carolina",401566,*****
0500000US45083,45083,"Spartanburg County, South Carolina",293542,*****
0500000US45085,45085,"Sumter County, South Carolina",107919,*****
0500000US45091,45091,"York County, South Carolina",245346,*****
0500000US46099,46099,"Minnehaha County, South Dakota",182882,*****
0500000US46103,46103,"Pennington County, South Dakota",108242,*****
0500000US47001,47001,"Anderson County, Tennessee",75528,*****
0500000US47009,47009,"Blount County, Tennessee",126339,*****
0500000US47011,47011,"Bradley County, Tennessee",102975,*****
0500000US47037,47037,"Davidson County, Tennessee",668347,*****
0500000US47059,47059,"Greene County, Tennessee",68335,*****
0500000US47065,47065,"Hamilton County, Tennessee",351220,*****
0500000US47093,47093,"Knox County, Tennessee",448644,*****
0500000US47113,47113,"Madison County, Tennessee",98178,*****
0500000US47119,47119,"Maury County, Tennessee",85515,*****
0500000US47125,47125,"Montgomery County, Tennessee",189961,*****
0500000US47141,47141,"Putnam County, Tennessee",74165,*****
0500000US47147,47147,"Robertson County, Tennessee",68079,*****
0500000US47149,47149,"Rutherford County, Tennessee",288906,*****
0500000US47155,47155,"Sevier County, Tennessee",95110,*****
0500000US47157,47157,"Shelby County, Tennessee",938803,*****
0500000US47163,47163,"Sullivan County, Tennessee",157047,*****
0500000US47165,47165,"Sumner County, Tennessee",172706,*****
0500000US47179,47179,"Washington County, Tennessee",126242,*****
0500000US47187,47187,"Williamson County, Tennessee",205226,*****
0500000US47189,47189,"Wilson County, Tennessee",125376,*****
0500000US48005,48005,"Angelina County, Texas",87750,*****
0500000US48021,48021,"Bastrop County, Texas",78069,*****
0500000US48027,48027,"Bell County, Texas",329140,*****
0500000US48029,48029,"Bexar County, Texas",1855866,*****
0500000US48037,48037,"Bowie County, Texas",93275,*****
0500000US48039,48039,"Brazoria County, Texas",338124,*****
0500000US48041,48041,"Brazos County, Texas",209152,*****
0500000US48061,48061,"Cameron County, Texas",420392,*****
0500000US48085,48085,"Collin County, Texas",885241,*****
0500000US48091,48091,"Comal County, Texas",123694,*****
0500000US48099,48099,"Coryell County, Texas",75562,*****
0500000US48113,48113,"Dallas County, Texas",2518638,*****
0500000US48121,48121,"Denton County, Texas",753363,*****
0500000US48135,48135,"Ector County, Texas",153904,*****
0500000US48139,48139,"Ellis County, Texas",159317,*****
0500000US48141,48141,"El Paso County, Texas",833487,*****
0500000US48157,48157,"Fort Bend County, Texas",685345,*****
0500000US48167,48167,"Galveston County, Texas",314198,*****
0500000US48181,48181,"Grayson County, Texas",123534,*****
0500000US48183,48183,"Gregg County, Texas",123204,*****
0500000US48187,48187,"Guadalupe County, Texas",147250,*****
0500000US48201,48201,"Harris County, Texas",4441370,*****
0500000US48203,48203,"Harrison County, Texas",67336,*****
0500000US48209,48209,"Hays County, Texas",185025,*****
0500000US48213,48213,"Henderson County, Texas",79290,*****
0500000US48215,48215,"Hidalgo County, Texas",831073,*****
0500000US48231,48231,"Hunt County, Texas",88493,*****
0500000US48245,48245,"Jefferson County, Texas",252235,*****
0500000US48251,48251,"Johnson County, Texas",157456,*****
0500000US48257,48257,"Kaufman County, Texas",111236,*****
0500000US48291,48291,"Liberty County, Texas",78117,*****
0500000US48303,48303,"Lubbock County, Texas",293974,*****
0500000US48309,48309,"McLennan County, Texas",243441,*****
0500000US48329,48329,"Midland County, Texas",155830,*****
0500000US48339,48339,"Montgomery County, Texas",518947,*****
0500000US48347,48347,"Nacogdoches County, Texas",65301,*****
0500000US48355,48355,"Nueces County, Texas",356221,*****
0500000US48361,48361,"Orange County, Texas",83433,*****
0500000US48367,48367,"Parker County, Texas",123164,*****
0500000US48375,48375,"Potter County, Texas",121627,*****
0500000US48381,48381,"Randall County, Texas",128220,*****
0500000US48397,48397,"Rockwall County, Texas",87809,*****
0500000US48409,48409,"San Patricio County, Texas",66915,*****
0500000US48423,48423,"Smith County, Texas",218842,*****
0500000US48439,48439,"Tarrant County, Texas",1945360,*****
0500000US48441,48441,"Taylor County, Texas",135143,*****
0500000US48451,48451,"Tom Green County, Texas",116608,*****
0500000US48453,48453,"Travis County, Texas",1151145,*****
0500000US48469,48469,"Victoria County, Texas",91081,*****
0500000US48471,48471,"Walker County, Texas",69789,*****
0500000US48479,48479,"Webb County, Texas",266673,*****
0500000US48485,48485,"Wichita County, Texas",132355,*****
0500000US48491,48491,"Williamson County, Texas",489250,*****
0500000US49005,49005,"Cache County, Utah",118343,*****
0500000US49011,49011,"Davis County, Utah",329692,*****
0500000US49035,49035,"Salt Lake County, Utah",1091742,*****
0500000US49049,49049,"Utah County, Utah",560974,*****
0500000US49053,49053,"Washington County, Utah",151948,*****
0500000US49057,49057,"Weber County, Utah",240475,*****
0500000US50007,50007,"Chittenden County, Vermont",160531,*****
0500000US51003,51003,"Albemarle County, Virginia",104489,*****
0500000US51013,51013,"Arlington County, Virginia",226908,*****
0500000US51015,51015,"Augusta County, Virginia",73862,*****
0500000US51019,51019,"Bedford County, Virginia",76583,*****
0500000US51041,51041,"Chesterfield County, Virginia",332499,*****
0500000US51059,51059,"Fairfax County, Virginia",1137538,*****
0500000US51061,51061,"Fauquier County, Virginia",68248,*****
0500000US51069,51069,"Frederick County, Virginia",82377,*****
0500000US51085,51085,"Hanover County, Virginia",101918,*****
0500000US51087,51087,"Henrico County, Virginia",321924,*****
0500000US51095,51095,"James City County, Virginia",72583,*****
0500000US51107,51107,"Loudoun County, Virginia",363050,*****
0500000US51121,51121,"Montgomery County, Virginia",97244,*****
0500000US51153,51153,"Prince William County, Virginia",446094,*****
0500000US51161,51161,"Roanoke County, Virginia",93785,*****
0500000US51165,51165,"Rockingham County, Virginia",78171,*****
0500000US51177,51177,"Spotsylvania County, Virginia",129188,*****
0500000US51179,51179,"Stafford County, Virginia",139992,*****
0500000US51199,51199,"York County, Virginia",66342,*****
0500000US51510,51510,"Alexandria city, Virginia",150575,*****
0500000US51550,51550,"Chesapeake city, Virginia",233371,*****
0500000US51650,51650,"Hampton city, Virginia",136879,*****
0500000US51680,51680,"Lynchburg city, Virginia",79047,*****
0500000US51700,51700,"Newport News city, Virginia",182965,*****
0500000US51710,51710,"Norfolk city, Virginia",245428,*****
0500000US51740,51740,"Portsmouth city, Virginia",96004,*****
0500000US51760,51760,"Richmond city, Virginia",217853,*****
0500000US51770,51770,"Roanoke city, Virginia",99428,*****
0500000US51800,51800,"Suffolk city, Virginia",86806,*****
0500000US51810,51810,"Virginia Beach city, Virginia",450980,*****
0500000US53005,53005,"Benton County, Washington",186486,*****
0500000US53007,53007,"Chelan County, Washington",74588,*****
0500000US53009,53009,"Clallam County, Washington",72715,*****
0500000US53011,53011,"Clark County, Washington",451008,*****
0500000US53015,53015,"Cowlitz County, Washington",102133,*****
0500000US53021,53021,"Franklin County, Washington",87809,*****
0500000US53025,53025,"Grant County, Washington",93147,*****
0500000US53027,53027,"Grays Harbor County, Washington",70818,*****
0500000US53029,53029,"Island County, Washington",79275,*****
0500000US53033,53033,"King County, Washington",2079967,*****
0500000US53035,53035,"Kitsap County, Washington",254183,*****
0500000US53041,53041,"Lewis County, Washington",75128,*****
0500000US53053,53053,"Pierce County, Washington",831928,*****
0500000US53057,53057,"Skagit County, Washington",120365,*****
0500000US53061,53061,"Snohomish County, Washington",759583,*****
0500000US53063,53063,"Spokane County, Washington",484318,*****
0500000US53067,53067,"Thurston County, Washington",265851,*****
0500000US53073,53073,"Whatcom County, Washington",208351,*****
0500000US53077,53077,"Yakima County, Washington",247687,*****
0500000US54003,54003,"Berkeley County, West Virginia",110497,*****
0500000US54011,54011,"Cabell County, West Virginia",97109,*****
0500000US54033,54033,"Harrison County, West Virginia",68761,*****
0500000US54039,54039,"Kanawha County, West Virginia",190223,*****
0500000US54061,54061,"Monongalia County, West Virginia",103463,*****
0500000US54081,54081,"Raleigh County, West Virginia",78241,*****
0500000US54107,54107,"Wood County, West Virginia",86237,*****
0500000US55009,55009,"Brown County, Wisconsin",256670,*****
0500000US55025,55025,"Dane County, Wisconsin",516284,*****
0500000US55027,55027,"Dodge County, Wisconsin",88574,*****
0500000US55035,55035,"Eau Claire County, Wisconsin",101564,*****
0500000US55039,55039,"Fond du Lac County, Wisconsin",101759,*****
0500000US55055,55055,"Jefferson County, Wisconsin",84395,*****
0500000US55059,55059,"Kenosha County, Wisconsin",168068,*****
0500000US55063,55063,"La Crosse County, Wisconsin",118011,*****
0500000US55071,55071,"Manitowoc County, Wisconsin",80160,*****
0500000US55073,55073,"Marathon County, Wisconsin",135780,*****
0500000US55079,55079,"Milwaukee County, Wisconsin",956406,*****
0500000US55087,55087,"Outagamie County, Wisconsin",182006,*****
0500000US55089,55089,"Ozaukee County, Wisconsin",87470,*****
0500000US55097,55097,"Portage County, Wisconsin",70482,*****
0500000US55101,55101,"Racine County, Wisconsin",195163,*****
0500000US55105,55105,"Rock County, Wisconsin",161188,*****
0500000US55109,55109,"St. Croix County, Wisconsin",86759,*****
0500000US55117,55117,"Sheboygan County, Wisconsin",115290,*****
0500000US55127,55127,"Walworth County, Wisconsin",103527,*****
0500000US55131,55131,"Washington County, Wisconsin",133251,*****
0500000US55133,55133,"Waukesha County, Wisconsin",395118,*****
0500000US55139,55139,"Winnebago County, Wisconsin",169511,*****
0500000US55141,55141,"Wood County, Wisconsin",73608,*****
0500000US56021,56021,"Laramie County, Wyoming",96389,*****
0500000US56025,56025,"Natrona County, Wyoming",81624,*****
