GEO.id,GEO.id2,GEO.display-label,HD01_VD01,HD02_VD01
Id,Id2,Geography,Estimate; Total,Margin of Error; Total
0100000US,,United States,313914040,*****
0400000US01,01,Alabama,4822023,*****
0400000US02,02,Alaska,731449,*****
0400000US04,04,Arizona,6553255,*****
0400000US05,05,Arkansas,2949131,*****
0400000US06,06,California,38041430,*****
0400000US08,08,Colorado,5187582,*****
0400000US09,09,Connecticut,3590347,*****
0400000US10,10,Delaware,917092,*****
0400000US11,11,District of Columbia,632323,*****
0400000US12,12,Florida,19317568,*****
0400000US13,13,Georgia,9919945,*****
0400000US15,15,Hawaii,1392313,*****
0400000US16,16,Idaho,1595728,*****
0400000US17,17,Illinois,12875255,*****
0400000US18,18,Indiana,6537334,*****
0400000US19,19,Iowa,3074186,*****
0400000US20,20,Kansas,2885905,*****
0400000US21,21,Kentucky,4380415,*****
0400000US22,22,Louisiana,4601893,*****
0400000US23,23,Maine,1329192,*****
0400000US24,24,Maryland,5884563,*****
0400000US25,25,Massachusetts,6646144,*****
0400000US26,26,Michigan,9883360,*****
0400000US27,27,Minnesota,5379139,*****
0400000US28,28,Mississippi,2984926,*****
0400000US29,29,Missouri,6021988,*****
0400000US30,30,Montana,1005141,*****
0400000US31,31,Nebraska,1855525,*****
0400000US32,32,Nevada,2758931,*****
0400000US33,33,New Hampshire,1320718,*****
0400000US34,34,New Jersey,8864590,*****
0400000US35,35,New Mexico,2085538,*****
0400000US36,36,New York,19570261,*****
0400000US37,37,North Carolina,9752073,*****
0400000US38,38,North Dakota,699628,*****
0400000US39,39,Ohio,11544225,*****
0400000US40,40,Oklahoma,3814820,*****
0400000US41,41,Oregon,3899353,*****
0400000US42,42,Pennsylvania,12763536,*****
0400000US44,44,Rhode Island,1050292,*****
0400000US45,45,South Carolina,4723723,*****
0400000US46,46,South Dakota,833354,*****
0400000US47,47,Tennessee,6456243,*****
0400000US48,48,Texas,26059203,*****
0400000US49,49,Utah,2855287,*****
0400000US50,50,Vermont,626011,*****
0400000US51,51,Virginia,8185867,*****
0400000US53,53,Washington,6897012,*****
0400000US54,54,West Virginia,1855413,*****
0400000US55,55,Wisconsin,5726398,*****
0400000US56,56,Wyoming,576412,*****
0400000US72,72,Puerto Rico,3667084,*****
0500000US01003,01003,"Baldwin County, Alabama",190790,*****
0500000US01015,01015,"Calhoun County, Alabama",117296,*****
0500000US01043,01043,"Cullman County, Alabama",80440,*****
0500000US01049,01049,"DeKalb County, Alabama",71080,*****
0500000US01051,01051,"Elmore County, Alabama",80629,*****
0500000US01055,01055,"Etowah County, Alabama",104392,*****
0500000US01069,01069,"Houston County, Alabama",103402,*****
0500000US01073,01073,"Jefferson County, Alabama",660009,*****
0500000US01077,01077,"Lauderdale County, Alabama",92542,*****
0500000US01081,01081,"Lee County, Alabama",147257,*****
0500000US01083,01083,"Limestone County, Alabama",87654,*****
0500000US01089,01089,"Madison County, Alabama",343080,*****
0500000US01095,01095,"Marshall County, Alabama",94776,*****
0500000US01097,01097,"Mobile County, Alabama",413936,*****
0500000US01101,01101,"Montgomery County, Alabama",230149,*****
0500000US01103,01103,"Morgan County, Alabama",120395,*****
0500000US01115,01115,"St. Clair County, Alabama",85237,*****
0500000US01117,01117,"Shelby County, Alabama",200941,*****
0500000US01121,01121,"Talladega County, Alabama",81762,*****
0500000US01125,01125,"Tuscaloosa County, Alabama",198596,*****
0500000US01127,01127,"Walker County, Alabama",66221,*****
0500000US02020,02020,"Anchorage Municipality, Alaska",298610,*****
0500000US02090,02090,"Fairbanks North Star Borough, Alaska",100272,*****
0500000US02170,02170,"Matanuska-Susitna Borough, Alaska",93925,*****
0500000US04001,04001,"Apache County, Arizona",73195,*****
0500000US04003,04003,"Cochise County, Arizona",132088,*****
0500000US04005,04005,"Coconino County, Arizona",136011,*****
0500000US04013,04013,"Maricopa County, Arizona",3942169,*****
0500000US04015,04015,"Mohave County, Arizona",203334,*****
0500000US04017,04017,"Navajo County, Arizona",107094,*****
0500000US04019,04019,"Pima County, Arizona",992394,*****
0500000US04021,04021,"Pinal County, Arizona",387365,*****
0500000US04025,04025,"Yavapai County, Arizona",212637,*****
0500000US04027,04027,"Yuma County, Arizona",200022,*****
0500000US05007,05007,"Benton County, Arkansas",232268,*****
0500000US05031,05031,"Craighead County, Arkansas",99735,*****
0500000US05045,05045,"Faulkner County, Arkansas",118704,*****
0500000US05051,05051,"Garland County, Arkansas",96903,*****
0500000US05069,05069,"Jefferson County, Arkansas",74723,*****
0500000US05085,05085,"Lonoke County, Arkansas",69839,*****
0500000US05119,05119,"Pulaski County, Arkansas",388953,*****
0500000US05125,05125,"Saline County, Arkansas",111845,*****
0500000US05131,05131,"Sebastian County, Arkansas",127304,*****
0500000US05143,05143,"Washington County, Arkansas",211411,*****
0500000US05145,05145,"White County, Arkansas",78493,*****
0500000US06001,06001,"Alameda County, California",1554720,*****
0500000US06007,06007,"Butte County, California",221539,*****
0500000US06013,06013,"Contra Costa County, California",1079597,*****
0500000US06017,06017,"El Dorado County, California",180561,*****
0500000US06019,06019,"Fresno County, California",947895,*****
0500000US06023,06023,"Humboldt County, California",134827,*****
0500000US06025,06025,"Imperial County, California",176948,*****
0500000US06029,06029,"Kern County, California",856158,*****
0500000US06031,06031,"Kings County, California",151364,*****
0500000US06033,06033,"Lake County, California",63983,*****
0500000US06037,06037,"Los Angeles County, California",9962789,*****
0500000US06039,06039,"Madera County, California",152218,*****
0500000US06041,06041,"Marin County, California",256069,*****
0500000US06045,06045,"Mendocino County, California",87428,*****
0500000US06047,06047,"Merced County, California",262305,*****
0500000US06053,06053,"Monterey County, California",426762,*****
0500000US06055,06055,"Napa County, California",139045,*****
0500000US06057,06057,"Nevada County, California",98292,*****
0500000US06059,06059,"Orange County, California",3090132,*****
0500000US06061,06061,"Placer County, California",361682,*****
0500000US06065,06065,"Riverside County, California",2268783,*****
0500000US06067,06067,"Sacramento County, California",1450121,*****
0500000US06071,06071,"San Bernardino County, California",2081313,*****
0500000US06073,06073,"San Diego County, California",3177063,*****
0500000US06075,06075,"San Francisco County, California",825863,*****
0500000US06077,06077,"San Joaquin County, California",702612,*****
0500000US06079,06079,"San Luis Obispo County, California",274804,*****
0500000US06081,06081,"San Mateo County, California",739311,*****
0500000US06083,06083,"Santa Barbara County, California",431249,*****
0500000US06085,06085,"Santa Clara County, California",1837504,*****
0500000US06087,06087,"Santa Cruz County, California",266776,*****
0500000US06089,06089,"Shasta County, California",178586,*****
0500000US06095,06095,"Solano County, California",420757,*****
0500000US06097,06097,"Sonoma County, California",491829,*****
0500000US06099,06099,"Stanislaus County, California",521726,*****
0500000US06101,06101,"Sutter County, California",95022,*****
0500000US06107,06107,"Tulare County, California",451977,*****
0500000US06111,06111,"Ventura County, California",835981,*****
0500000US06113,06113,"Yolo County, California",204118,*****
0500000US06115,06115,"Yuba County, California",72926,*****
0500000US08001,08001,"Adams County, Colorado",459598,*****
0500000US08005,08005,"Arapahoe County, Colorado",595546,*****
0500000US08013,08013,"Boulder County, Colorado",305318,*****
0500000US08031,08031,"Denver County, Colorado",634265,*****
0500000US08035,08035,"Douglas County, Colorado",298215,*****
0500000US08041,08041,"El Paso County, Colorado",644964,*****
0500000US08059,08059,"Jefferson County, Colorado",545358,*****
0500000US08069,08069,"Larimer County, Colorado",310487,*****
0500000US08077,08077,"Mesa County, Colorado",147848,*****
0500000US08101,08101,"Pueblo County, Colorado",160852,*****
0500000US08123,08123,"Weld County, Colorado",263691,*****
0500000US09001,09001,"Fairfield County, Connecticut",933835,*****
0500000US09003,09003,"Hartford County, Connecticut",897259,*****
0500000US09005,09005,"Litchfield County, Connecticut",187530,*****
0500000US09007,09007,"Middlesex County, Connecticut",165602,*****
0500000US09009,09009,"New Haven County, Connecticut",862813,*****
0500000US09011,09011,"New London County, Connecticut",274170,*****
0500000US09013,09013,"Tolland County, Connecticut",151539,*****
0500000US09015,09015,"Windham County, Connecticut",117599,*****
0500000US10001,10001,"Kent County, Delaware",167626,*****
0500000US10003,10003,"New Castle County, Delaware",546076,*****
0500000US10005,10005,"Sussex County, Delaware",203390,*****
0500000US11001,11001,"District of Columbia, District of Columbia",632323,*****
0500000US12001,12001,"Alachua County, Florida",251417,*****
0500000US12005,12005,"Bay County, Florida",171903,*****
0500000US12009,12009,"Brevard County, Florida",547307,*****
0500000US12011,12011,"Broward County, Florida",1815137,*****
0500000US12015,12015,"Charlotte County, Florida",162449,*****
0500000US12017,12017,"Citrus County, Florida",139360,*****
0500000US12019,12019,"Clay County, Florida",194345,*****
0500000US12021,12021,"Collier County, Florida",332427,*****
0500000US12023,12023,"Columbia County, Florida",67966,*****
0500000US12031,12031,"Duval County, Florida",879602,*****
0500000US12033,12033,"Escambia County, Florida",302715,*****
0500000US12035,12035,"Flagler County, Florida",98359,*****
0500000US12053,12053,"Hernando County, Florida",173422,*****
0500000US12055,12055,"Highlands County, Florida",98128,*****
0500000US12057,12057,"Hillsborough County, Florida",1277746,*****
0500000US12061,12061,"Indian River County, Florida",140567,*****
0500000US12069,12069,"Lake County, Florida",303186,*****
0500000US12071,12071,"Lee County, Florida",645293,*****
0500000US12073,12073,"Leon County, Florida",283769,*****
0500000US12081,12081,"Manatee County, Florida",333895,*****
0500000US12083,12083,"Marion County, Florida",335125,*****
0500000US12085,12085,"Martin County, Florida",148817,*****
0500000US12086,12086,"Miami-Dade County, Florida",2591035,*****
0500000US12087,12087,"Monroe County, Florida",74809,*****
0500000US12089,12089,"Nassau County, Florida",74629,*****
0500000US12091,12091,"Okaloosa County, Florida",190083,*****
0500000US12095,12095,"Orange County, Florida",1202234,*****
0500000US12097,12097,"Osceola County, Florida",287416,*****
0500000US12099,12099,"Palm Beach County, Florida",1356545,*****
0500000US12101,12101,"Pasco County, Florida",470391,*****
0500000US12103,12103,"Pinellas County, Florida",921319,*****
0500000US12105,12105,"Polk County, Florida",616158,*****
0500000US12107,12107,"Putnam County, Florida",73263,*****
0500000US12109,12109,"St. Johns County, Florida",202188,*****
0500000US12111,12111,"St. Lucie County, Florida",283866,*****
0500000US12113,12113,"Santa Rosa County, Florida",158512,*****
0500000US12115,12115,"Sarasota County, Florida",386147,*****
0500000US12117,12117,"Seminole County, Florida",430838,*****
0500000US12119,12119,"Sumter County, Florida",101620,*****
0500000US12127,12127,"Volusia County, Florida",496950,*****
0500000US13013,13013,"Barrow County, Georgia",70169,*****
0500000US13015,13015,"Bartow County, Georgia",100661,*****
0500000US13021,13021,"Bibb County, Georgia",156462,*****
0500000US13031,13031,"Bulloch County, Georgia",72694,*****
0500000US13045,13045,"Carroll County, Georgia",111580,*****
0500000US13047,13047,"Catoosa County, Georgia",65046,*****
0500000US13051,13051,"Chatham County, Georgia",276434,*****
0500000US13057,13057,"Cherokee County, Georgia",221315,*****
0500000US13059,13059,"Clarke County, Georgia",120266,*****
0500000US13063,13063,"Clayton County, Georgia",265888,*****
0500000US13067,13067,"Cobb County, Georgia",707442,*****
0500000US13073,13073,"Columbia County, Georgia",131627,*****
0500000US13077,13077,"Coweta County, Georgia",130929,*****
0500000US13089,13089,"DeKalb County, Georgia",707089,*****
0500000US13095,13095,"Dougherty County, Georgia",94501,*****
0500000US13097,13097,"Douglas County, Georgia",133971,*****
0500000US13113,13113,"Fayette County, Georgia",107524,*****
0500000US13115,13115,"Floyd County, Georgia",96177,*****
0500000US13117,13117,"Forsyth County, Georgia",187928,*****
0500000US13121,13121,"Fulton County, Georgia",977773,*****
0500000US13127,13127,"Glynn County, Georgia",81022,*****
0500000US13135,13135,"Gwinnett County, Georgia",842046,*****
0500000US13139,13139,"Hall County, Georgia",185416,*****
0500000US13151,13151,"Henry County, Georgia",209053,*****
0500000US13153,13153,"Houston County, Georgia",146136,*****
0500000US13179,13179,"Liberty County, Georgia",65471,*****
0500000US13185,13185,"Lowndes County, Georgia",114552,*****
0500000US13215,13215,"Muscogee County, Georgia",198413,*****
0500000US13217,13217,"Newton County, Georgia",101505,*****
0500000US13223,13223,"Paulding County, Georgia",144800,*****
0500000US13245,13245,"Richmond County, Georgia",202587,*****
0500000US13247,13247,"Rockdale County, Georgia",85820,*****
0500000US13285,13285,"Troup County, Georgia",68468,*****
0500000US13295,13295,"Walker County, Georgia",68094,*****
0500000US13297,13297,"Walton County, Georgia",84575,*****
0500000US13313,13313,"Whitfield County, Georgia",103359,*****
0500000US15001,15001,"Hawaii County, Hawaii",189191,*****
0500000US15003,15003,"Honolulu County, Hawaii",976372,*****
0500000US15007,15007,"Kauai County, Hawaii",68434,*****
0500000US15009,15009,"Maui County, Hawaii",158226,77
0500000US16001,16001,"Ada County, Idaho",409061,*****
0500000US16005,16005,"Bannock County, Idaho",83800,*****
0500000US16019,16019,"Bonneville County, Idaho",106684,*****
0500000US16027,16027,"Canyon County, Idaho",193888,*****
0500000US16055,16055,"Kootenai County, Idaho",142357,*****
0500000US16083,16083,"Twin Falls County, Idaho",78595,*****
0500000US17001,17001,"Adams County, Illinois",67197,*****
0500000US17019,17019,"Champaign County, Illinois",203276,*****
0500000US17031,17031,"Cook County, Illinois",5231351,*****
0500000US17037,17037,"DeKalb County, Illinois",104704,*****
0500000US17043,17043,"DuPage County, Illinois",927987,*****
0500000US17089,17089,"Kane County, Illinois",522487,*****
0500000US17091,17091,"Kankakee County, Illinois",113040,*****
0500000US17093,17093,"Kendall County, Illinois",118105,*****
0500000US17097,17097,"Lake County, Illinois",702120,*****
0500000US17099,17099,"LaSalle County, Illinois",112973,*****
0500000US17111,17111,"McHenry County, Illinois",308145,*****
0500000US17113,17113,"McLean County, Illinois",172281,*****
0500000US17115,17115,"Macon County, Illinois",110122,*****
0500000US17119,17119,"Madison County, Illinois",267883,*****
0500000US17143,17143,"Peoria County, Illinois",187254,*****
0500000US17161,17161,"Rock Island County, Illinois",147457,*****
0500000US17163,17163,"St. Clair County, Illinois",268858,*****
0500000US17167,17167,"Sangamon County, Illinois",199271,*****
0500000US17179,17179,"Tazewell County, Illinois",135949,*****
0500000US17183,17183,"Vermilion County, Illinois",80727,*****
0500000US17197,17197,"Will County, Illinois",682518,*****
0500000US17199,17199,"Williamson County, Illinois",66674,*****
0500000US17201,17201,"Winnebago County, Illinois",292069,*****
0500000US18003,18003,"Allen County, Indiana",360412,*****
0500000US18005,18005,"Bartholomew County, Indiana",79129,*****
0500000US18019,18019,"Clark County, Indiana",111951,*****
0500000US18035,18035,"Delaware County, Indiana",117364,*****
0500000US18039,18039,"Elkhart County, Indiana",199619,*****
0500000US18043,18043,"Floyd County, Indiana",75283,*****
0500000US18053,18053,"Grant County, Indiana",69330,*****
0500000US18057,18057,"Hamilton County, Indiana",289495,*****
0500000US18059,18059,"Hancock County, Indiana",70933,*****
0500000US18063,18063,"Hendricks County, Indiana",150434,*****
0500000US18067,18067,"Howard County, Indiana",82849,*****
0500000US18081,18081,"Johnson County, Indiana",143191,*****
0500000US18085,18085,"Kosciusko County, Indiana",77609,*****
0500000US18089,18089,"Lake County, Indiana",493618,*****
0500000US18091,18091,"LaPorte County, Indiana",111246,*****
0500000US18095,18095,"Madison County, Indiana",130348,*****
0500000US18097,18097,"Marion County, Indiana",918977,*****
0500000US18105,18105,"Monroe County, Indiana",141019,*****
0500000US18109,18109,"Morgan County, Indiana",69356,*****
0500000US18127,18127,"Porter County, Indiana",165682,*****
0500000US18141,18141,"St. Joseph County, Indiana",266344,*****
0500000US18157,18157,"Tippecanoe County, Indiana",177513,*****
0500000US18163,18163,"Vanderburgh County, Indiana",180858,*****
0500000US18167,18167,"Vigo County, Indiana",108428,*****
0500000US18177,18177,"Wayne County, Indiana",68346,*****
0500000US19013,19013,"Black Hawk County, Iowa",131820,*****
0500000US19049,19049,"Dallas County, Iowa",71967,*****
0500000US19061,19061,"Dubuque County, Iowa",95097,*****
0500000US19103,19103,"Johnson County, Iowa",136317,*****
0500000US19113,19113,"Linn County, Iowa",215295,*****
0500000US19153,19153,"Polk County, Iowa",443710,*****
0500000US19155,19155,"Pottawattamie County, Iowa",92913,*****
0500000US19163,19163,"Scott County, Iowa",168799,*****
0500000US19169,19169,"Story County, Iowa",91140,*****
0500000US19193,19193,"Woodbury County, Iowa",102323,*****
0500000US20015,20015,"Butler County, Kansas",65827,*****
0500000US20045,20045,"Douglas County, Kansas",112864,*****
0500000US20091,20091,"Johnson County, Kansas",559913,*****
0500000US20103,20103,"Leavenworth County, Kansas",77739,*****
0500000US20161,20161,"Riley County, Kansas",75508,*****
0500000US20173,20173,"Sedgwick County, Kansas",503889,*****
0500000US20177,20177,"Shawnee County, Kansas",178991,*****
0500000US20209,20209,"Wyandotte County, Kansas",159129,*****
0500000US21015,21015,"Boone County, Kentucky",123316,*****
0500000US21029,21029,"Bullitt County, Kentucky",75896,*****
0500000US21037,21037,"Campbell County, Kentucky",90908,*****
0500000US21047,21047,"Christian County, Kentucky",75427,*****
0500000US21059,21059,"Daviess County, Kentucky",97847,*****
0500000US21067,21067,"Fayette County, Kentucky",305489,*****
0500000US21093,21093,"Hardin County, Kentucky",107025,*****
0500000US21111,21111,"Jefferson County, Kentucky",750828,*****
0500000US21117,21117,"Kenton County, Kentucky",161711,*****
0500000US21145,21145,"McCracken County, Kentucky",65549,*****
0500000US21151,21151,"Madison County, Kentucky",84786,*****
0500000US21195,21195,"Pike County, Kentucky",64178,*****
0500000US21227,21227,"Warren County, Kentucky",117110,*****
0500000US22005,22005,"Ascension Parish, Louisiana",112286,*****
0500000US22015,22015,"Bossier Parish, Louisiana",122197,*****
0500000US22017,22017,"Caddo Parish, Louisiana",257093,*****
0500000US22019,22019,"Calcasieu Parish, Louisiana",194493,*****
0500000US22033,22033,"East Baton Rouge Parish, Louisiana",444526,*****
0500000US22045,22045,"Iberia Parish, Louisiana",73999,*****
0500000US22051,22051,"Jefferson Parish, Louisiana",433676,*****
0500000US22055,22055,"Lafayette Parish, Louisiana",227055,*****
0500000US22057,22057,"Lafourche Parish, Louisiana",97029,*****
0500000US22063,22063,"Livingston Parish, Louisiana",131942,*****
0500000US22071,22071,"Orleans Parish, Louisiana",369250,*****
0500000US22073,22073,"Ouachita Parish, Louisiana",155363,*****
0500000US22079,22079,"Rapides Parish, Louisiana",132373,*****
0500000US22097,22097,"St. Landry Parish, Louisiana",83662,*****
0500000US22103,22103,"St. Tammany Parish, Louisiana",239453,*****
0500000US22105,22105,"Tangipahoa Parish, Louisiana",123441,*****
0500000US22109,22109,"Terrebonne Parish, Louisiana",111893,*****
0500000US23001,23001,"Androscoggin County, Maine",107609,*****
0500000US23003,23003,"Aroostook County, Maine",70868,*****
0500000US23005,23005,"Cumberland County, Maine",283921,*****
0500000US23011,23011,"Kennebec County, Maine",121853,*****
0500000US23019,23019,"Penobscot County, Maine",153746,*****
0500000US23031,23031,"York County, Maine",199005,*****
0500000US24001,24001,"Allegany County, Maryland",74012,*****
0500000US24003,24003,"Anne Arundel County, Maryland",550488,*****
0500000US24005,24005,"Baltimore County, Maryland",817455,*****
0500000US24009,24009,"Calvert County, Maryland",89628,*****
0500000US24013,24013,"Carroll County, Maryland",167217,*****
0500000US24015,24015,"Cecil County, Maryland",101696,*****
0500000US24017,24017,"Charles County, Maryland",150592,*****
0500000US24021,24021,"Frederick County, Maryland",239582,*****
0500000US24025,24025,"Harford County, Maryland",248622,*****
0500000US24027,24027,"Howard County, Maryland",299430,*****
0500000US24031,24031,"Montgomery County, Maryland",1004709,*****
0500000US24033,24033,"Prince George's County, Maryland",881138,*****
0500000US24037,24037,"St. Mary's County, Maryland",108987,*****
0500000US24043,24043,"Washington County, Maryland",149180,*****
0500000US24045,24045,"Wicomico County, Maryland",100647,*****
0500000US24510,24510,"Baltimore city, Maryland",621342,*****
0500000US25001,25001,"Barnstable County, Massachusetts",215423,*****
0500000US25003,25003,"Berkshire County, Massachusetts",130016,*****
0500000US25005,25005,"Bristol County, Massachusetts",551082,*****
0500000US25009,25009,"Essex County, Massachusetts",755618,*****
0500000US25011,25011,"Franklin County, Massachusetts",71540,*****
0500000US25013,25013,"Hampden County, Massachusetts",465923,*****
0500000US25015,25015,"Hampshire County, Massachusetts",159795,*****
0500000US25017,25017,"Middlesex County, Massachusetts",1537215,*****
0500000US25021,25021,"Norfolk County, Massachusetts",681845,*****
0500000US25023,25023,"Plymouth County, Massachusetts",499759,*****
0500000US25025,25025,"Suffolk County, Massachusetts",744426,*****
0500000US25027,25027,"Worcester County, Massachusetts",806163,*****
0500000US26005,26005,"Allegan County, Michigan",112039,*****
0500000US26017,26017,"Bay County, Michigan",106935,*****
0500000US26021,26021,"Berrien County, Michigan",156067,*****
0500000US26025,26025,"Calhoun County, Michigan",135099,*****
0500000US26037,26037,"Clinton County, Michigan",76001,*****
0500000US26045,26045,"Eaton County, Michigan",108008,*****
0500000US26049,26049,"Genesee County, Michigan",418408,*****
0500000US26055,26055,"Grand Traverse County, Michigan",89112,*****
0500000US26065,26065,"Ingham County, Michigan",281723,*****
0500000US26073,26073,"Isabella County, Michigan",70617,*****
0500000US26075,26075,"Jackson County, Michigan",160309,*****
0500000US26077,26077,"Kalamazoo County, Michigan",254580,*****
0500000US26081,26081,"Kent County, Michigan",614462,*****
0500000US26087,26087,"Lapeer County, Michigan",88173,*****
0500000US26091,26091,"Lenawee County, Michigan",98987,*****
0500000US26093,26093,"Livingston County, Michigan",182838,*****
0500000US26099,26099,"Macomb County, Michigan",847383,*****
0500000US26103,26103,"Marquette County, Michigan",67906,*****
0500000US26111,26111,"Midland County, Michigan",83822,*****
0500000US26115,26115,"Monroe County, Michigan",151048,*****
0500000US26121,26121,"Muskegon County, Michigan",170182,*****
0500000US26125,26125,"Oakland County, Michigan",1220657,*****
0500000US26139,26139,"Ottawa County, Michigan",269099,*****
0500000US26145,26145,"Saginaw County, Michigan",198353,*****
0500000US26147,26147,"St. Clair County, Michigan",160644,*****
0500000US26155,26155,"Shiawassee County, Michigan",69232,*****
0500000US26159,26159,"Van Buren County, Michigan",75454,*****
0500000US26161,26161,"Washtenaw County, Michigan",350946,*****
0500000US26163,26163,"Wayne County, Michigan",1792365,*****
0500000US27003,27003,"Anoka County, Minnesota",336414,*****
0500000US27013,27013,"Blue Earth County, Minnesota",65091,*****
0500000US27019,27019,"Carver County, Minnesota",93707,*****
0500000US27037,27037,"Dakota County, Minnesota",405088,*****
0500000US27053,27053,"Hennepin County, Minnesota",1184576,*****
0500000US27109,27109,"Olmsted County, Minnesota",147066,*****
0500000US27123,27123,"Ramsey County, Minnesota",520152,*****
0500000US27137,27137,"St. Louis County, Minnesota",200319,*****
0500000US27139,27139,"Scott County, Minnesota",135152,*****
0500000US27141,27141,"Sherburne County, Minnesota",89455,*****
0500000US27145,27145,"Stearns County, Minnesota",151606,*****
0500000US27163,27163,"Washington County, Minnesota",244088,*****
0500000US27171,27171,"Wright County, Minnesota",127336,*****
0500000US28033,28033,"DeSoto County, Mississippi",166234,*****
0500000US28035,28035,"Forrest County, Mississippi",76894,*****
0500000US28047,28047,"Harrison County, Mississippi",194029,*****
0500000US28049,28049,"Hinds County, Mississippi",248643,*****
0500000US28059,28059,"Jackson County, Mississippi",140298,*****
0500000US28067,28067,"Jones County, Mississippi",68641,*****
0500000US28075,28075,"Lauderdale County, Mississippi",80220,*****
0500000US28081,28081,"Lee County, Mississippi",85042,*****
0500000US28089,28089,"Madison County, Mississippi",98468,*****
0500000US28121,28121,"Rankin County, Mississippi",145165,*****
0500000US29019,29019,"Boone County, Missouri",168535,*****
0500000US29021,29021,"Buchanan County, Missouri",89706,*****
0500000US29031,29031,"Cape Girardeau County, Missouri",76950,*****
0500000US29037,29037,"Cass County, Missouri",100376,*****
0500000US29043,29043,"Christian County, Missouri",79824,*****
0500000US29047,29047,"Clay County, Missouri",227577,*****
0500000US29051,29051,"Cole County, Missouri",76363,*****
0500000US29071,29071,"Franklin County, Missouri",101412,*****
0500000US29077,29077,"Greene County, Missouri",280626,*****
0500000US29095,29095,"Jackson County, Missouri",677377,*****
0500000US29097,29097,"Jasper County, Missouri",115258,*****
0500000US29099,29099,"Jefferson County, Missouri",220209,*****
0500000US29165,29165,"Platte County, Missouri",92054,*****
0500000US29183,29183,"St. Charles County, Missouri",368666,*****
0500000US29187,29187,"St. Francois County, Missouri",65917,*****
0500000US29189,29189,"St. Louis County, Missouri",1000438,*****
0500000US29510,29510,"St. Louis city, Missouri",318172,*****
0500000US30013,30013,"Cascade County, Montana",81723,*****
0500000US30029,30029,"Flathead County, Montana",91633,*****
0500000US30031,30031,"Gallatin County, Montana",92614,*****
0500000US30063,30063,"Missoula County, Montana",110977,*****
0500000US30111,30111,"Yellowstone County, Montana",151882,*****
0500000US31055,31055,"Douglas County, Nebraska",531265,*****
0500000US31109,31109,"Lancaster County, Nebraska",293407,*****
0500000US31153,31153,"Sarpy County, Nebraska",165853,*****
0500000US32003,32003,"Clark County, Nevada",2000759,*****
0500000US32031,32031,"Washoe County, Nevada",429908,*****
0500000US33005,33005,"Cheshire County, New Hampshire",76851,*****
0500000US33009,33009,"Grafton County, New Hampshire",89181,*****
0500000US33011,33011,"Hillsborough County, New Hampshire",402922,*****
0500000US33013,33013,"Merrimack County, New Hampshire",146761,*****
0500000US33015,33015,"Rockingham County, New Hampshire",297820,*****
0500000US33017,33017,"Strafford County, New Hampshire",124119,*****
0500000US34001,34001,"Atlantic County, New Jersey",275422,*****
0500000US34003,34003,"Bergen County, New Jersey",918888,*****
0500000US34005,34005,"Burlington County, New Jersey",451336,*****
0500000US34007,34007,"Camden County, New Jersey",513539,*****
0500000US34009,34009,"Cape May County, New Jersey",96304,*****
0500000US34011,34011,"Cumberland County, New Jersey",157785,*****
0500000US34013,34013,"Essex County, New Jersey",787744,*****
0500000US34015,34015,"Gloucester County, New Jersey",289586,*****
0500000US34017,34017,"Hudson County, New Jersey",652302,*****
0500000US34019,34019,"Hunterdon County, New Jersey",127050,*****
0500000US34021,34021,"Mercer County, New Jersey",368303,*****
0500000US34023,34023,"Middlesex County, New Jersey",823041,*****
0500000US34025,34025,"Monmouth County, New Jersey",629384,*****
0500000US34027,34027,"Morris County, New Jersey",497999,*****
0500000US34029,34029,"Ocean County, New Jersey",580470,*****
0500000US34031,34031,"Passaic County, New Jersey",502885,*****
0500000US34033,34033,"Salem County, New Jersey",65774,*****
0500000US34035,34035,"Somerset County, New Jersey",327707,*****
0500000US34037,34037,"Sussex County, New Jersey",147442,*****
0500000US34039,34039,"Union County, New Jersey",543976,*****
0500000US34041,34041,"Warren County, New Jersey",107653,*****
0500000US35001,35001,"Bernalillo County, New Mexico",673460,*****
0500000US35005,35005,"Chaves County, New Mexico",65784,*****
0500000US35013,35013,"Doña Ana County, New Mexico",214445,*****
0500000US35025,35025,"Lea County, New Mexico",66338,*****
0500000US35031,35031,"McKinley County, New Mexico",73016,*****
0500000US35035,35035,"Otero County, New Mexico",66041,*****
0500000US35043,35043,"Sandoval County, New Mexico",135588,*****
0500000US35045,35045,"San Juan County, New Mexico",128529,*****
0500000US35049,35049,"Santa Fe County, New Mexico",146375,*****
0500000US35061,35061,"Valencia County, New Mexico",76631,*****
0500000US36001,36001,"Albany County, New York",305455,*****
0500000US36005,36005,"Bronx County, New York",1408473,*****
0500000US36007,36007,"Broome County, New York",198060,*****
0500000US36009,36009,"Cattaraugus County, New York",79458,*****
0500000US36011,36011,"Cayuga County, New York",79552,*****
0500000US36013,36013,"Chautauqua County, New York",133539,*****
0500000US36015,36015,"Chemung County, New York",88911,*****
0500000US36019,36019,"Clinton County, New York",81654,*****
0500000US36027,36027,"Dutchess County, New York",297322,*****
0500000US36029,36029,"Erie County, New York",919086,*****
0500000US36045,36045,"Jefferson County, New York",120262,*****
0500000US36047,36047,"Kings County, New York",2565635,*****
0500000US36051,36051,"Livingston County, New York",64810,*****
0500000US36053,36053,"Madison County, New York",72382,*****
0500000US36055,36055,"Monroe County, New York",747813,*****
0500000US36059,36059,"Nassau County, New York",1349233,*****
0500000US36061,36061,"New York County, New York",1619090,*****
0500000US36063,36063,"Niagara County, New York",215124,*****
0500000US36065,36065,"Oneida County, New York",233556,*****
0500000US36067,36067,"Onondaga County, New York",466852,*****
0500000US36069,36069,"Ontario County, New York",108519,*****
0500000US36071,36071,"Orange County, New York",374512,*****
0500000US36075,36075,"Oswego County, New York",121700,*****
0500000US36079,36079,"Putnam County, New York",99607,*****
0500000US36081,36081,"Queens County, New York",2272771,*****
0500000US36083,36083,"Rensselaer County, New York",159835,*****
0500000US36085,36085,"Richmond County, New York",470728,*****
0500000US36087,36087,"Rockland County, New York",317757,*****
0500000US36089,36089,"St. Lawrence County, New York",112232,*****
0500000US36091,36091,"Saratoga County, New York",222133,*****
0500000US36093,36093,"Schenectady County, New York",155124,*****
0500000US36101,36101,"Steuben County, New York",99063,*****
0500000US36103,36103,"Suffolk County, New York",1499273,*****
0500000US36105,36105,"Sullivan County, New York",76793,*****
0500000US36109,36109,"Tompkins County, New York",102554,*****
0500000US36111,36111,"Ulster County, New York",181791,*****
0500000US36113,36113,"Warren County, New York",65538,*****
0500000US36117,36117,"Wayne County, New York",92962,*****
0500000US36119,36119,"Westchester County, New York",961670,*****
0500000US37001,37001,"Alamance County, North Carolina",153920,*****
0500000US37019,37019,"Brunswick County, North Carolina",112257,*****
0500000US37021,37021,"Buncombe County, North Carolina",244490,*****
0500000US37023,37023,"Burke County, North Carolina",90505,*****
0500000US37025,37025,"Cabarrus County, North Carolina",184498,*****
0500000US37027,37027,"Caldwell County, North Carolina",81930,*****
0500000US37031,37031,"Carteret County, North Carolina",67632,*****
0500000US37035,37035,"Catawba County, North Carolina",154339,*****
0500000US37037,37037,"Chatham County, North Carolina",65976,*****
0500000US37045,37045,"Cleveland County, North Carolina",97474,*****
0500000US37049,37049,"Craven County, North Carolina",104770,*****
0500000US37051,37051,"Cumberland County, North Carolina",324049,*****
0500000US37057,37057,"Davidson County, North Carolina",163260,*****
0500000US37063,37063,"Durham County, North Carolina",279641,*****
0500000US37067,37067,"Forsyth County, North Carolina",358137,*****
0500000US37071,37071,"Gaston County, North Carolina",208049,*****
0500000US37081,37081,"Guilford County, North Carolina",500879,*****
0500000US37085,37085,"Harnett County, North Carolina",122135,*****
0500000US37089,37089,"Henderson County, North Carolina",108266,*****
0500000US37097,37097,"Iredell County, North Carolina",162708,*****
0500000US37101,37101,"Johnston County, North Carolina",174938,*****
0500000US37109,37109,"Lincoln County, North Carolina",79313,*****
0500000US37119,37119,"Mecklenburg County, North Carolina",969031,*****
0500000US37125,37125,"Moore County, North Carolina",90302,*****
0500000US37127,37127,"Nash County, North Carolina",95708,*****
0500000US37129,37129,"New Hanover County, North Carolina",209234,*****
0500000US37133,37133,"Onslow County, North Carolina",183263,*****
0500000US37135,37135,"Orange County, North Carolina",137941,*****
0500000US37147,37147,"Pitt County, North Carolina",172554,*****
0500000US37151,37151,"Randolph County, North Carolina",142466,*****
0500000US37155,37155,"Robeson County, North Carolina",135496,*****
0500000US37157,37157,"Rockingham County, North Carolina",92720,*****
0500000US37159,37159,"Rowan County, North Carolina",138180,*****
0500000US37161,37161,"Rutherford County, North Carolina",67323,*****
0500000US37171,37171,"Surry County, North Carolina",73561,*****
0500000US37179,37179,"Union County, North Carolina",208520,*****
0500000US37183,37183,"Wake County, North Carolina",952151,*****
0500000US37191,37191,"Wayne County, North Carolina",124246,*****
0500000US37193,37193,"Wilkes County, North Carolina",69306,*****
0500000US37195,37195,"Wilson County, North Carolina",81867,*****
0500000US38015,38015,"Burleigh County, North Dakota",85774,*****
0500000US38017,38017,"Cass County, North Dakota",156157,*****
0500000US38035,38035,"Grand Forks County, North Dakota",67472,*****
0500000US39003,39003,"Allen County, Ohio",105141,*****
0500000US39007,39007,"Ashtabula County, Ohio",100389,*****
0500000US39013,39013,"Belmont County, Ohio",69671,*****
0500000US39017,39017,"Butler County, Ohio",370589,*****
0500000US39023,39023,"Clark County, Ohio",137206,*****
0500000US39025,39025,"Clermont County, Ohio",199085,*****
0500000US39029,39029,"Columbiana County, Ohio",106507,*****
0500000US39035,39035,"Cuyahoga County, Ohio",1265111,*****
0500000US39041,39041,"Delaware County, Ohio",181061,*****
0500000US39043,39043,"Erie County, Ohio",76398,*****
0500000US39045,39045,"Fairfield County, Ohio",147474,*****
0500000US39049,39049,"Franklin County, Ohio",1195537,*****
0500000US39055,39055,"Geauga County, Ohio",93680,*****
0500000US39057,39057,"Greene County, Ohio",163587,*****
0500000US39061,39061,"Hamilton County, Ohio",802038,*****
0500000US39063,39063,"Hancock County, Ohio",75671,*****
0500000US39081,39081,"Jefferson County, Ohio",68389,*****
0500000US39085,39085,"Lake County, Ohio",229582,*****
0500000US39089,39089,"Licking County, Ohio",167537,*****
0500000US39093,39093,"Lorain County, Ohio",301478,*****
0500000US39095,39095,"Lucas County, Ohio",437998,*****
0500000US39099,39099,"Mahoning County, Ohio",235145,*****
0500000US39101,39101,"Marion County, Ohio",66238,*****
0500000US39103,39103,"Medina County, Ohio",173684,*****
0500000US39109,39109,"Miami County, Ohio",103060,*****
0500000US39113,39113,"Montgomery County, Ohio",534325,*****
0500000US39119,39119,"Muskingum County, Ohio",85950,*****
0500000US39133,39133,"Portage County, Ohio",161451,*****
0500000US39139,39139,"Richland County, Ohio",122673,*****
0500000US39141,39141,"Ross County, Ohio",77429,*****
0500000US39145,39145,"Scioto County, Ohio",78477,*****
0500000US39151,39151,"Stark County, Ohio",374868,*****
0500000US39153,39153,"Summit County, Ohio",540811,*****
0500000US39155,39155,"Trumbull County, Ohio",207406,*****
0500000US39157,39157,"Tuscarawas County, Ohio",92392,*****
0500000US39165,39165,"Warren County, Ohio",217241,*****
0500000US39169,39169,"Wayne County, Ohio",114848,*****
0500000US39173,39173,"Wood County, Ohio",128200,*****
0500000US40017,40017,"Canadian County, Oklahoma",122560,*****
0500000US40027,40027,"Cleveland County, Oklahoma",265638,*****
0500000US40031,40031,"Comanche County, Oklahoma",126390,*****
0500000US40037,40037,"Creek County, Oklahoma",70651,*****
0500000US40101,40101,"Muskogee County, Oklahoma",70596,*****
0500000US40109,40109,"Oklahoma County, Oklahoma",741781,*****
0500000US40119,40119,"Payne County, Oklahoma",78399,*****
0500000US40125,40125,"Pottawatomie County, Oklahoma",70760,*****
0500000US40131,40131,"Rogers County, Oklahoma",88367,*****
0500000US40143,40143,"Tulsa County, Oklahoma",613816,*****
0500000US40145,40145,"Wagoner County, Oklahoma",75030,*****
0500000US41003,41003,"Benton County, Oregon",86430,*****
0500000US41005,41005,"Clackamas County, Oregon",383857,*****
0500000US41017,41017,"Deschutes County, Oregon",162277,*****
0500000US41019,41019,"Douglas County, Oregon",107164,*****
0500000US41029,41029,"Jackson County, Oregon",206412,*****
0500000US41033,41033,"Josephine County, Oregon",82930,*****
0500000US41035,41035,"Klamath County, Oregon",65912,*****
0500000US41039,41039,"Lane County, Oregon",354542,*****
0500000US41043,41043,"Linn County, Oregon",118360,*****
0500000US41047,41047,"Marion County, Oregon",319985,*****
0500000US41051,41051,"Multnomah County, Oregon",759256,*****
0500000US41053,41053,"Polk County, Oregon",76353,*****
0500000US41059,41059,"Umatilla County, Oregon",76820,*****
0500000US41067,41067,"Washington County, Oregon",547672,*****
0500000US41071,41071,"Yamhill County, Oregon",100255,*****
0500000US42001,42001,"Adams County, Pennsylvania",101482,*****
0500000US42003,42003,"Allegheny County, Pennsylvania",1229338,*****
0500000US42005,42005,"Armstrong County, Pennsylvania",68409,*****
0500000US42007,42007,"Beaver County, Pennsylvania",170245,*****
0500000US42011,42011,"Berks County, Pennsylvania",413491,*****
0500000US42013,42013,"Blair County, Pennsylvania",127121,*****
0500000US42017,42017,"Bucks County, Pennsylvania",627053,*****
0500000US42019,42019,"Butler County, Pennsylvania",184970,*****
0500000US42021,42021,"Cambria County, Pennsylvania",141584,*****
0500000US42025,42025,"Carbon County, Pennsylvania",65006,*****
0500000US42027,42027,"Centre County, Pennsylvania",155171,*****
0500000US42029,42029,"Chester County, Pennsylvania",506575,*****
0500000US42033,42033,"Clearfield County, Pennsylvania",81184,*****
0500000US42037,42037,"Columbia County, Pennsylvania",66887,*****
0500000US42039,42039,"Crawford County, Pennsylvania",87598,*****
0500000US42041,42041,"Cumberland County, Pennsylvania",238614,*****
0500000US42043,42043,"Dauphin County, Pennsylvania",269665,*****
0500000US42045,42045,"Delaware County, Pennsylvania",561098,*****
0500000US42049,42049,"Erie County, Pennsylvania",280646,*****
0500000US42051,42051,"Fayette County, Pennsylvania",135660,*****
0500000US42055,42055,"Franklin County, Pennsylvania",151275,*****
0500000US42063,42063,"Indiana County, Pennsylvania",88218,*****
0500000US42069,42069,"Lackawanna County, Pennsylvania",214477,*****
0500000US42071,42071,"Lancaster County, Pennsylvania",526823,*****
0500000US42073,42073,"Lawrence County, Pennsylvania",89871,*****
0500000US42075,42075,"Lebanon County, Pennsylvania",135251,*****
0500000US42077,42077,"Lehigh County, Pennsylvania",355245,*****
0500000US42079,42079,"Luzerne County, Pennsylvania",321027,*****
0500000US42081,42081,"Lycoming County, Pennsylvania",117168,*****
0500000US42085,42085,"Mercer County, Pennsylvania",115655,*****
0500000US42089,42089,"Monroe County, Pennsylvania",168798,*****
0500000US42091,42091,"Montgomery County, Pennsylvania",808460,*****
0500000US42095,42095,"Northampton County, Pennsylvania",299267,*****
0500000US42097,42097,"Northumberland County, Pennsylvania",94428,*****
0500000US42101,42101,"Philadelphia County, Pennsylvania",1547607,*****
0500000US42107,42107,"Schuylkill County, Pennsylvania",147063,*****
0500000US42111,42111,"Somerset County, Pennsylvania",76957,*****
0500000US42125,42125,"Washington County, Pennsylvania",208716,*****
0500000US42129,42129,"Westmoreland County, Pennsylvania",363395,*****
0500000US42133,42133,"York County, Pennsylvania",437846,*****
0500000US44003,44003,"Kent County, Rhode Island",164843,*****
0500000US44005,44005,"Newport County, Rhode Island",82036,*****
0500000US44007,44007,"Providence County, Rhode Island",628323,*****
0500000US44009,44009,"Washington County, Rhode Island",125946,*****
0500000US45003,45003,"Aiken County, South Carolina",162812,*****
0500000US45007,45007,"Anderson County, South Carolina",189355,*****
0500000US45013,45013,"Beaufort County, South Carolina",168049,*****
0500000US45015,45015,"Berkeley County, South Carolina",189781,*****
0500000US45019,45019,"Charleston County, South Carolina",365162,*****
0500000US45031,45031,"Darlington County, South Carolina",68139,*****
0500000US45035,45035,"Dorchester County, South Carolina",142496,*****
0500000US45041,45041,"Florence County, South Carolina",137948,*****
0500000US45045,45045,"Greenville County, South Carolina",467605,*****
0500000US45047,45047,"Greenwood County, South Carolina",69756,*****
0500000US45051,45051,"Horry County, South Carolina",282285,*****
0500000US45057,45057,"Lancaster County, South Carolina",79089,*****
0500000US45059,45059,"Laurens County, South Carolina",66223,*****
0500000US45063,45063,"Lexington County, South Carolina",270406,*****
0500000US45073,45073,"Oconee County, South Carolina",74627,*****
0500000US45075,45075,"Orangeburg County, South Carolina",91476,*****
0500000US45077,45077,"Pickens County, South Carolina",119670,*****
0500000US45079,45079,"Richland County, South Carolina",393830,*****
0500000US45083,45083,"Spartanburg County, South Carolina",288745,*****
0500000US45085,45085,"Sumter County, South Carolina",108052,*****
0500000US45091,45091,"York County, South Carolina",234635,*****
0500000US46099,46099,"Minnehaha County, South Dakota",175037,*****
0500000US46103,46103,"Pennington County, South Dakota",104347,*****
0500000US47001,47001,"Anderson County, Tennessee",75416,*****
0500000US47009,47009,"Blount County, Tennessee",124177,*****
0500000US47011,47011,"Bradley County, Tennessee",101134,*****
0500000US47037,47037,"Davidson County, Tennessee",648295,*****
0500000US47059,47059,"Greene County, Tennessee",68819,*****
0500000US47065,47065,"Hamilton County, Tennessee",345545,*****
0500000US47093,47093,"Knox County, Tennessee",441311,*****
0500000US47113,47113,"Madison County, Tennessee",98656,*****
0500000US47119,47119,"Maury County, Tennessee",81990,*****
0500000US47125,47125,"Montgomery County, Tennessee",184468,*****
0500000US47141,47141,"Putnam County, Tennessee",73229,*****
0500000US47147,47147,"Robertson County, Tennessee",66931,*****
0500000US47149,47149,"Rutherford County, Tennessee",274454,*****
0500000US47155,47155,"Sevier County, Tennessee",92512,*****
0500000US47157,47157,"Shelby County, Tennessee",940764,*****
0500000US47163,47163,"Sullivan County, Tennessee",156786,*****
0500000US47165,47165,"Sumner County, Tennessee",166123,*****
0500000US47179,47179,"Washington County, Tennessee",125094,*****
0500000US47187,47187,"Williamson County, Tennessee",192911,*****
0500000US47189,47189,"Wilson County, Tennessee",118961,*****
0500000US48005,48005,"Angelina County, Texas",87597,*****
0500000US48021,48021,"Bastrop County, Texas",74763,*****
0500000US48027,48027,"Bell County, Texas",323037,*****
0500000US48029,48029,"Bexar County, Texas",1785704,*****
0500000US48037,48037,"Bowie County, Texas",93148,*****
0500000US48039,48039,"Brazoria County, Texas",324769,*****
0500000US48041,48041,"Brazos County, Texas",200665,*****
0500000US48061,48061,"Cameron County, Texas",415557,*****
0500000US48085,48085,"Collin County, Texas",834642,*****
0500000US48091,48091,"Comal County, Texas",114384,*****
0500000US48099,48099,"Coryell County, Texas",77231,*****
0500000US48113,48113,"Dallas County, Texas",2453843,*****
0500000US48121,48121,"Denton County, Texas",707304,*****
0500000US48135,48135,"Ector County, Texas",144325,*****
0500000US48139,48139,"Ellis County, Texas",153969,*****
0500000US48141,48141,"El Paso County, Texas",827398,*****
0500000US48157,48157,"Fort Bend County, Texas",627293,*****
0500000US48167,48167,"Galveston County, Texas",300484,*****
0500000US48181,48181,"Grayson County, Texas",121935,*****
0500000US48183,48183,"Gregg County, Texas",122658,*****
0500000US48187,48187,"Guadalupe County, Texas",139841,*****
0500000US48201,48201,"Harris County, Texas",4253700,*****
0500000US48203,48203,"Harrison County, Texas",67450,*****
0500000US48209,48209,"Hays County, Texas",168990,*****
0500000US48213,48213,"Henderson County, Texas",79094,*****
0500000US48215,48215,"Hidalgo County, Texas",806552,*****
0500000US48231,48231,"Hunt County, Texas",87079,*****
0500000US48245,48245,"Jefferson County, Texas",251813,*****
0500000US48251,48251,"Johnson County, Texas",153441,*****
0500000US48257,48257,"Kaufman County, Texas",106753,*****
0500000US48291,48291,"Liberty County, Texas",76571,*****
0500000US48303,48303,"Lubbock County, Texas",285760,*****
0500000US48309,48309,"McLennan County, Texas",238707,*****
0500000US48329,48329,"Midland County, Texas",146645,*****
0500000US48339,48339,"Montgomery County, Texas",485047,*****
0500000US48347,48347,"Nacogdoches County, Texas",66034,*****
0500000US48355,48355,"Nueces County, Texas",347691,*****
0500000US48361,48361,"Orange County, Texas",82977,*****
0500000US48367,48367,"Parker County, Texas",119712,*****
0500000US48375,48375,"Potter County, Texas",122335,*****
0500000US48381,48381,"Randall County, Texas",125082,*****
0500000US48397,48397,"Rockwall County, Texas",83021,*****
0500000US48409,48409,"San Patricio County, Texas",65600,*****
0500000US48423,48423,"Smith County, Texas",214821,*****
0500000US48439,48439,"Tarrant County, Texas",1880153,*****
0500000US48441,48441,"Taylor County, Texas",133473,*****
0500000US48451,48451,"Tom Green County, Texas",113281,*****
0500000US48453,48453,"Travis County, Texas",1095584,*****
0500000US48469,48469,"Victoria County, Texas",89269,*****
0500000US48471,48471,"Walker County, Texas",68408,*****
0500000US48479,48479,"Webb County, Texas",259172,*****
0500000US48485,48485,"Wichita County, Texas",131559,*****
0500000US48491,48491,"Williamson County, Texas",456232,*****
0500000US49005,49005,"Cache County, Utah",115520,*****
0500000US49011,49011,"Davis County, Utah",315809,*****
0500000US49035,49035,"Salt Lake County, Utah",1063842,*****
0500000US49049,49049,"Utah County, Utah",540504,*****
0500000US49053,49053,"Washington County, Utah",144809,*****
0500000US49057,49057,"Weber County, Utah",236640,*****
0500000US50007,50007,"Chittenden County, Vermont",158504,*****
0500000US51003,51003,"Albemarle County, Virginia",102251,*****
0500000US51013,51013,"Arlington County, Virginia",221045,*****
0500000US51015,51015,"Augusta County, Virginia",73658,*****
0500000US51019,51019,"Bedford County, Virginia",69590,*****
0500000US51041,51041,"Chesterfield County, Virginia",323856,*****
0500000US51059,51059,"Fairfax County, Virginia",1118602,*****
0500000US51061,51061,"Fauquier County, Virginia",66542,*****
0500000US51069,51069,"Frederick County, Virginia",80317,*****
0500000US51085,51085,"Hanover County, Virginia",100668,*****
0500000US51087,51087,"Henrico County, Virginia",314932,*****
0500000US51095,51095,"James City County, Virginia",68967,*****
0500000US51107,51107,"Loudoun County, Virginia",336898,*****
0500000US51121,51121,"Montgomery County, Virginia",95194,*****
0500000US51153,51153,"Prince William County, Virginia",430289,*****
0500000US51161,51161,"Roanoke County, Virginia",92901,*****
0500000US51165,51165,"Rockingham County, Virginia",77391,*****
0500000US51177,51177,"Spotsylvania County, Virginia",125684,*****
0500000US51179,51179,"Stafford County, Virginia",134352,*****
0500000US51199,51199,"York County, Virginia",66146,*****
0500000US51510,51510,"Alexandria city, Virginia",146294,*****
0500000US51550,51550,"Chesapeake city, Virginia",228417,*****
0500000US51650,51650,"Hampton city, Virginia",136836,*****
0500000US51680,51680,"Lynchburg city, Virginia",77113,*****
0500000US51700,51700,"Newport News city, Virginia",180726,*****
0500000US51710,51710,"Norfolk city, Virginia",245782,*****
0500000US51740,51740,"Portsmouth city, Virginia",96470,*****
0500000US51760,51760,"Richmond city, Virginia",210309,*****
0500000US51770,51770,"Roanoke city, Virginia",97469,*****
0500000US51800,51800,"Suffolk city, Virginia",85181,*****
0500000US51810,51810,"Virginia Beach city, Virginia",447021,*****
0500000US53005,53005,"Benton County, Washington",182398,*****
0500000US53007,53007,"Chelan County, Washington",73687,*****
0500000US53009,53009,"Clallam County, Washington",71863,*****
0500000US53011,53011,"Clark County, Washington",438287,*****
0500000US53015,53015,"Cowlitz County, Washington",101996,*****
0500000US53021,53021,"Franklin County, Washington",85845,*****
0500000US53025,53025,"Grant County, Washington",91723,*****
0500000US53027,53027,"Grays Harbor County, Washington",71692,*****
0500000US53029,53029,"Island County, Washington",79177,*****
0500000US53033,53033,"King County, Washington",2007440,*****
0500000US53035,53035,"Kitsap County, Washington",254991,*****
0500000US53041,53041,"Lewis County, Washington",75621,*****
0500000US53053,53053,"Pierce County, Washington",811681,*****
0500000US53057,53057,"Skagit County, Washington",118222,*****
0500000US53061,53061,"Snohomish County, Washington",733036,*****
0500000US53063,53063,"Spokane County, Washington",475735,*****
0500000US53067,53067,"Thurston County, Washington",258332,*****
0500000US53073,53073,"Whatcom County, Washington",205262,*****
0500000US53077,53077,"Yakima County, Washington",246977,*****
0500000US54003,54003,"Berkeley County, West Virginia",107098,*****
0500000US54011,54011,"Cabell County, West Virginia",96974,*****
0500000US54033,54033,"Harrison County, West Virginia",69141,*****
0500000US54039,54039,"Kanawha County, West Virginia",192179,*****
0500000US54061,54061,"Monongalia County, West Virginia",100332,*****
0500000US54081,54081,"Raleigh County, West Virginia",79021,*****
0500000US54107,54107,"Wood County, West Virginia",86701,*****
0500000US55009,55009,"Brown County, Wisconsin",253032,*****
0500000US55025,55025,"Dane County, Wisconsin",503523,*****
0500000US55027,55027,"Dodge County, Wisconsin",88415,*****
0500000US55035,55035,"Eau Claire County, Wisconsin",100677,*****
0500000US55039,55039,"Fond du Lac County, Wisconsin",101843,*****
0500000US55055,55055,"Jefferson County, Wisconsin",84498,*****
0500000US55059,55059,"Kenosha County, Wisconsin",167936,*****
0500000US55063,55063,"La Crosse County, Wisconsin",116461,*****
0500000US55071,55071,"Manitowoc County, Wisconsin",80671,*****
0500000US55073,55073,"Marathon County, Wisconsin",134735,*****
0500000US55079,55079,"Milwaukee County, Wisconsin",955205,*****
0500000US55087,55087,"Outagamie County, Wisconsin",178816,*****
0500000US55089,55089,"Ozaukee County, Wisconsin",86823,*****
0500000US55097,55097,"Portage County, Wisconsin",70433,*****
0500000US55101,55101,"Racine County, Wisconsin",194797,*****
0500000US55105,55105,"Rock County, Wisconsin",160418,*****
0500000US55109,55109,"St. Croix County, Wisconsin",85242,*****
0500000US55117,55117,"Sheboygan County, Wisconsin",115009,*****
0500000US55127,55127,"Walworth County, Wisconsin",102851,*****
0500000US55131,55131,"Washington County, Wisconsin",132661,*****
0500000US55133,55133,"Waukesha County, Wisconsin",392292,*****
0500000US55139,55139,"Winnebago County, Wisconsin",168794,*****
0500000US55141,55141,"Wood County, Wisconsin",74424,*****
0500000US56021,56021,"Laramie County, Wyoming",94483,*****
0500000US56025,56025,"Natrona County, Wyoming",78621,*****
