GEO.id,GEO.id2,GEO.display-label,HD01_VD01,HD02_VD01
Id,Id2,Geography,Estimate; Total,Margin of Error; Total
0100000US,,United States,301621159,*****
0400000US01,1,Alabama,4627851,*****
0400000US02,2,Alaska,683478,*****
0400000US04,4,Arizona,6338755,*****
0400000US05,5,Arkansas,2834797,*****
0400000US06,6,California,36553215,*****
0400000US08,8,Colorado,4861515,*****
0400000US09,9,Connecticut,3502309,*****
0400000US10,10,Delaware,864764,*****
0400000US11,11,District of Columbia,588292,*****
0400000US12,12,Florida,18251243,*****
0400000US13,13,Georgia,9544750,*****
0400000US15,15,Hawaii,1283388,*****
0400000US16,16,Idaho,1499402,*****
0400000US17,17,Illinois,12852548,*****
0400000US18,18,Indiana,6345289,*****
0400000US19,19,Iowa,2988047,*****
0400000US20,20,Kansas,2775997,*****
0400000US21,21,Kentucky,4241474,*****
0400000US22,22,Louisiana,4293204,*****
0400000US23,23,Maine,1317207,*****
0400000US24,24,Maryland,5618344,*****
0400000US25,25,Massachusetts,6449755,*****
0400000US26,26,Michigan,10071822,*****
0400000US27,27,Minnesota,5197621,*****
0400000US28,28,Mississippi,2918785,*****
0400000US29,29,Missouri,5878415,*****
0400000US30,30,Montana,957861,*****
0400000US31,31,Nebraska,1774571,*****
0400000US32,32,Nevada,2565382,*****
0400000US33,33,New Hampshire,1315828,*****
0400000US34,34,New Jersey,8685920,*****
0400000US35,35,New Mexico,1969915,*****
0400000US36,36,New York,19297729,*****
0400000US37,37,North Carolina,9061032,*****
0400000US38,38,North Dakota,639715,*****
0400000US39,39,Ohio,11466917,*****
0400000US40,40,Oklahoma,3617316,*****
0400000US41,41,Oregon,3747455,*****
0400000US42,42,Pennsylvania,12432792,*****
0400000US44,44,Rhode Island,1057832,*****
0400000US45,45,South Carolina,4407709,*****
0400000US46,46,South Dakota,796215,*****
0400000US47,47,Tennessee,6156719,*****
0400000US48,48,Texas,23904380,*****
0400000US49,49,Utah,2645330,*****
0400000US50,50,Vermont,621254,*****
0400000US51,51,Virginia,7712091,*****
0400000US53,53,Washington,6468424,*****
0400000US54,54,West Virginia,1812035,*****
0400000US55,55,Wisconsin,5601640,*****
0400000US56,56,Wyoming,522830,*****
0400000US72,72,Puerto Rico,3942375,*****
0500000US01003,1003,"Baldwin County, Alabama",171769,*****
0500000US01015,1015,"Calhoun County, Alabama",113103,*****
0500000US01043,1043,"Cullman County, Alabama",80554,*****
0500000US01049,1049,"DeKalb County, Alabama",68016,*****
0500000US01051,1051,"Elmore County, Alabama",77525,*****
0500000US01055,1055,"Etowah County, Alabama",103217,*****
0500000US01069,1069,"Houston County, Alabama",97171,*****
0500000US01073,1073,"Jefferson County, Alabama",658779,*****
0500000US01077,1077,"Lauderdale County, Alabama",88561,*****
0500000US01081,1081,"Lee County, Alabama",130516,*****
0500000US01083,1083,"Limestone County, Alabama",73898,*****
0500000US01089,1089,"Madison County, Alabama",312734,*****
0500000US01095,1095,"Marshall County, Alabama",87644,*****
0500000US01097,1097,"Mobile County, Alabama",404406,*****
0500000US01101,1101,"Montgomery County, Alabama",225791,*****
0500000US01103,1103,"Morgan County, Alabama",115050,*****
0500000US01115,1115,"St. Clair County, Alabama",76609,3915
0500000US01117,1117,"Shelby County, Alabama",182113,*****
0500000US01121,1121,"Talladega County, Alabama",80255,*****
0500000US01125,1125,"Tuscaloosa County, Alabama",177906,*****
0500000US01127,1127,"Walker County, Alabama",68816,*****
0500000US02020,2020,"Anchorage Municipality, Alaska",279671,*****
0500000US02090,2090,"Fairbanks North Star Borough, Alaska",97484,*****
0500000US02170,2170,"Matanuska-Susitna Borough, Alaska",82669,*****
0500000US04001,4001,"Apache County, Arizona",69980,*****
0500000US04003,4003,"Cochise County, Arizona",127866,*****
0500000US04005,4005,"Coconino County, Arizona",127450,*****
0500000US04013,4013,"Maricopa County, Arizona",3880181,*****
0500000US04015,4015,"Mohave County, Arizona",194944,*****
0500000US04017,4017,"Navajo County, Arizona",111273,*****
0500000US04019,4019,"Pima County, Arizona",967089,*****
0500000US04021,4021,"Pinal County, Arizona",299246,*****
0500000US04025,4025,"Yavapai County, Arizona",212635,*****
0500000US04027,4027,"Yuma County, Arizona",190557,*****
0500000US05007,5007,"Benton County, Arkansas",203107,*****
0500000US05031,5031,"Craighead County, Arkansas",91552,*****
0500000US05045,5045,"Faulkner County, Arkansas",104865,*****
0500000US05051,5051,"Garland County, Arkansas",96371,*****
0500000US05069,5069,"Jefferson County, Arkansas",78986,*****
0500000US05119,5119,"Pulaski County, Arkansas",373911,*****
0500000US05125,5125,"Saline County, Arkansas",96212,*****
0500000US05131,5131,"Sebastian County, Arkansas",121766,*****
0500000US05143,5143,"Washington County, Arkansas",194292,*****
0500000US05145,5145,"White County, Arkansas",73441,*****
0500000US06001,6001,"Alameda County, California",1464202,*****
0500000US06007,6007,"Butte County, California",218779,*****
0500000US06013,6013,"Contra Costa County, California",1019640,*****
0500000US06017,6017,"El Dorado County, California",175689,*****
0500000US06019,6019,"Fresno County, California",899348,*****
0500000US06023,6023,"Humboldt County, California",128864,*****
0500000US06025,6025,"Imperial County, California",161867,*****
0500000US06029,6029,"Kern County, California",790710,*****
0500000US06031,6031,"Kings County, California",148875,*****
0500000US06033,6033,"Lake County, California",64664,*****
0500000US06037,6037,"Los Angeles County, California",9878554,*****
0500000US06039,6039,"Madera County, California",146513,*****
0500000US06041,6041,"Marin County, California",248096,*****
0500000US06045,6045,"Mendocino County, California",86273,*****
0500000US06047,6047,"Merced County, California",245514,*****
0500000US06053,6053,"Monterey County, California",407637,*****
0500000US06055,6055,"Napa County, California",132565,*****
0500000US06057,6057,"Nevada County, California",97027,*****
0500000US06059,6059,"Orange County, California",2997033,*****
0500000US06061,6061,"Placer County, California",332920,*****
0500000US06065,6065,"Riverside County, California",2073571,*****
0500000US06067,6067,"Sacramento County, California",1386667,*****
0500000US06071,6071,"San Bernardino County, California",2007800,*****
0500000US06073,6073,"San Diego County, California",2974859,*****
0500000US06075,6075,"San Francisco County, California",764976,*****
0500000US06077,6077,"San Joaquin County, California",670990,*****
0500000US06079,6079,"San Luis Obispo County, California",262436,*****
0500000US06081,6081,"San Mateo County, California",706984,*****
0500000US06083,6083,"Santa Barbara County, California",404197,*****
0500000US06085,6085,"Santa Clara County, California",1748976,*****
0500000US06087,6087,"Santa Cruz County, California",251747,*****
0500000US06089,6089,"Shasta County, California",179427,*****
0500000US06095,6095,"Solano County, California",408599,*****
0500000US06097,6097,"Sonoma County, California",464435,*****
0500000US06099,6099,"Stanislaus County, California",511263,*****
0500000US06101,6101,"Sutter County, California",92040,*****
0500000US06107,6107,"Tulare County, California",421553,*****
0500000US06111,6111,"Ventura County, California",798364,*****
0500000US06113,6113,"Yolo County, California",195844,*****
0500000US06115,6115,"Yuba County, California",72098,*****
0500000US08001,8001,"Adams County, Colorado",422495,*****
0500000US08005,8005,"Arapahoe County, Colorado",545089,*****
0500000US08013,8013,"Boulder County, Colorado",290262,*****
0500000US08031,8031,"Denver County, Colorado",588349,*****
0500000US08035,8035,"Douglas County, Colorado",272117,*****
0500000US08041,8041,"El Paso County, Colorado",587272,*****
0500000US08059,8059,"Jefferson County, Colorado",529354,*****
0500000US08069,8069,"Larimer County, Colorado",287574,*****
0500000US08077,8077,"Mesa County, Colorado",139082,*****
0500000US08101,8101,"Pueblo County, Colorado",154538,*****
0500000US08123,8123,"Weld County, Colorado",243750,*****
0500000US09001,9001,"Fairfield County, Connecticut",895015,*****
0500000US09003,9003,"Hartford County, Connecticut",876824,*****
0500000US09005,9005,"Litchfield County, Connecticut",188273,*****
0500000US09007,9007,"Middlesex County, Connecticut",164150,*****
0500000US09009,9009,"New Haven County, Connecticut",845494,*****
0500000US09011,9011,"New London County, Connecticut",267376,*****
0500000US09013,9013,"Tolland County, Connecticut",148139,*****
0500000US09015,9015,"Windham County, Connecticut",117038,*****
0500000US10001,10001,"Kent County, Delaware",152255,*****
0500000US10003,10003,"New Castle County, Delaware",528218,*****
0500000US10005,10005,"Sussex County, Delaware",184291,*****
0500000US11001,11001,"District of Columbia, District of Columbia",588292,*****
0500000US12001,12001,"Alachua County, Florida",240082,*****
0500000US12005,12005,"Bay County, Florida",163984,*****
0500000US12009,12009,"Brevard County, Florida",536161,*****
0500000US12011,12011,"Broward County, Florida",1759591,*****
0500000US12015,12015,"Charlotte County, Florida",152814,*****
0500000US12017,12017,"Citrus County, Florida",140169,*****
0500000US12019,12019,"Clay County, Florida",182023,*****
0500000US12021,12021,"Collier County, Florida",315839,*****
0500000US12023,12023,"Columbia County, Florida",76552,6116
0500000US12031,12031,"Duval County, Florida",849159,*****
0500000US12033,12033,"Escambia County, Florida",306407,*****
0500000US12035,12035,"Flagler County, Florida",88397,*****
0500000US12053,12053,"Hernando County, Florida",169070,*****
0500000US12055,12055,"Highlands County, Florida",99349,*****
0500000US12057,12057,"Hillsborough County, Florida",1174727,*****
0500000US12061,12061,"Indian River County, Florida",131837,*****
0500000US12069,12069,"Lake County, Florida",301059,*****
0500000US12071,12071,"Lee County, Florida",590564,*****
0500000US12073,12073,"Leon County, Florida",260945,*****
0500000US12081,12081,"Manatee County, Florida",315108,*****
0500000US12083,12083,"Marion County, Florida",324857,*****
0500000US12085,12085,"Martin County, Florida",139182,*****
0500000US12086,12086,"Miami-Dade County, Florida",2387170,*****
0500000US12087,12087,"Monroe County, Florida",73223,*****
0500000US12089,12089,"Nassau County, Florida",68450,*****
0500000US12091,12091,"Okaloosa County, Florida",181499,*****
0500000US12095,12095,"Orange County, Florida",1066113,*****
0500000US12097,12097,"Osceola County, Florida",255815,*****
0500000US12099,12099,"Palm Beach County, Florida",1266451,*****
0500000US12101,12101,"Pasco County, Florida",462715,*****
0500000US12103,12103,"Pinellas County, Florida",917437,*****
0500000US12105,12105,"Polk County, Florida",574746,*****
0500000US12107,12107,"Putnam County, Florida",73821,*****
0500000US12109,12109,"St. Johns County, Florida",175446,*****
0500000US12111,12111,"St. Lucie County, Florida",260939,*****
0500000US12113,12113,"Santa Rosa County, Florida",147044,*****
0500000US12115,12115,"Sarasota County, Florida",372073,*****
0500000US12117,12117,"Seminole County, Florida",409509,*****
0500000US12119,12119,"Sumter County, Florida",72246,*****
0500000US12127,12127,"Volusia County, Florida",500413,*****
0500000US13013,13013,"Barrow County, Georgia",65955,4941
0500000US13015,13015,"Bartow County, Georgia",92834,*****
0500000US13021,13021,"Bibb County, Georgia",154709,*****
0500000US13031,13031,"Bulloch County, Georgia",66176,*****
0500000US13045,13045,"Carroll County, Georgia",111954,*****
0500000US13051,13051,"Chatham County, Georgia",248469,*****
0500000US13057,13057,"Cherokee County, Georgia",204363,*****
0500000US13059,13059,"Clarke County, Georgia",114063,*****
0500000US13063,13063,"Clayton County, Georgia",272217,*****
0500000US13067,13067,"Cobb County, Georgia",691905,*****
0500000US13073,13073,"Columbia County, Georgia",109100,*****
0500000US13077,13077,"Coweta County, Georgia",118936,*****
0500000US13089,13089,"DeKalb County, Georgia",737093,*****
0500000US13095,13095,"Dougherty County, Georgia",95693,*****
0500000US13097,13097,"Douglas County, Georgia",124495,*****
0500000US13113,13113,"Fayette County, Georgia",106144,*****
0500000US13115,13115,"Floyd County, Georgia",95618,*****
0500000US13117,13117,"Forsyth County, Georgia",158914,*****
0500000US13121,13121,"Fulton County, Georgia",992137,*****
0500000US13127,13127,"Glynn County, Georgia",74932,*****
0500000US13135,13135,"Gwinnett County, Georgia",776380,*****
0500000US13139,13139,"Hall County, Georgia",180175,*****
0500000US13151,13151,"Henry County, Georgia",186037,*****
0500000US13153,13153,"Houston County, Georgia",131016,*****
0500000US13185,13185,"Lowndes County, Georgia",101790,*****
0500000US13215,13215,"Muscogee County, Georgia",187046,*****
0500000US13217,13217,"Newton County, Georgia",96019,*****
0500000US13223,13223,"Paulding County, Georgia",127906,*****
0500000US13245,13245,"Richmond County, Georgia",197372,*****
0500000US13247,13247,"Rockdale County, Georgia",82052,*****
0500000US13297,13297,"Walton County, Georgia",83144,*****
0500000US13313,13313,"Whitfield County, Georgia",93379,*****
0500000US15001,15001,"Hawaii County, Hawaii",173057,*****
0500000US15003,15003,"Honolulu County, Hawaii",905601,*****
0500000US15009,15009,"Maui County, Hawaii",141843,53
0500000US16001,16001,"Ada County, Idaho",373406,*****
0500000US16005,16005,"Bannock County, Idaho",79925,*****
0500000US16019,16019,"Bonneville County, Idaho",96545,*****
0500000US16027,16027,"Canyon County, Idaho",179381,*****
0500000US16055,16055,"Kootenai County, Idaho",134442,*****
0500000US16083,16083,"Twin Falls County, Idaho",73086,3145
0500000US17001,17001,"Adams County, Illinois",67046,*****
0500000US17019,17019,"Champaign County, Illinois",190260,*****
0500000US17031,17031,"Cook County, Illinois",5285107,*****
0500000US17037,17037,"DeKalb County, Illinois",103729,*****
0500000US17043,17043,"DuPage County, Illinois",929192,*****
0500000US17089,17089,"Kane County, Illinois",501021,*****
0500000US17091,17091,"Kankakee County, Illinois",110705,*****
0500000US17093,17093,"Kendall County, Illinois",96818,*****
0500000US17097,17097,"Lake County, Illinois",710241,*****
0500000US17099,17099,"LaSalle County, Illinois",112616,*****
0500000US17111,17111,"McHenry County, Illinois",315943,*****
0500000US17113,17113,"McLean County, Illinois",164209,*****
0500000US17115,17115,"Macon County, Illinois",108732,*****
0500000US17119,17119,"Madison County, Illinois",267347,*****
0500000US17143,17143,"Peoria County, Illinois",182993,*****
0500000US17161,17161,"Rock Island County, Illinois",147329,*****
0500000US17163,17163,"St. Clair County, Illinois",261316,*****
0500000US17167,17167,"Sangamon County, Illinois",194122,*****
0500000US17179,17179,"Tazewell County, Illinois",131154,*****
0500000US17183,17183,"Vermilion County, Illinois",81191,*****
0500000US17197,17197,"Will County, Illinois",673586,*****
0500000US17201,17201,"Winnebago County, Illinois",298759,*****
0500000US18003,18003,"Allen County, Indiana",349488,*****
0500000US18005,18005,"Bartholomew County, Indiana",74750,*****
0500000US18019,18019,"Clark County, Indiana",105035,*****
0500000US18035,18035,"Delaware County, Indiana",115419,*****
0500000US18039,18039,"Elkhart County, Indiana",197942,*****
0500000US18043,18043,"Floyd County, Indiana",73064,*****
0500000US18053,18053,"Grant County, Indiana",68847,*****
0500000US18057,18057,"Hamilton County, Indiana",261661,*****
0500000US18059,18059,"Hancock County, Indiana",66305,*****
0500000US18063,18063,"Hendricks County, Indiana",134558,*****
0500000US18067,18067,"Howard County, Indiana",83776,*****
0500000US18081,18081,"Johnson County, Indiana",135951,*****
0500000US18085,18085,"Kosciusko County, Indiana",76115,*****
0500000US18089,18089,"Lake County, Indiana",492104,*****
0500000US18091,18091,"LaPorte County, Indiana",109787,*****
0500000US18095,18095,"Madison County, Indiana",131312,*****
0500000US18097,18097,"Marion County, Indiana",876804,*****
0500000US18105,18105,"Monroe County, Indiana",128643,*****
0500000US18109,18109,"Morgan County, Indiana",69874,*****
0500000US18127,18127,"Porter County, Indiana",160578,*****
0500000US18141,18141,"St. Joseph County, Indiana",266088,*****
0500000US18157,18157,"Tippecanoe County, Indiana",163364,*****
0500000US18163,18163,"Vanderburgh County, Indiana",174425,*****
0500000US18167,18167,"Vigo County, Indiana",104915,*****
0500000US18177,18177,"Wayne County, Indiana",68260,*****
0500000US19013,19013,"Black Hawk County, Iowa",127446,*****
0500000US19061,19061,"Dubuque County, Iowa",92359,*****
0500000US19103,19103,"Johnson County, Iowa",125692,*****
0500000US19113,19113,"Linn County, Iowa",205836,*****
0500000US19153,19153,"Polk County, Iowa",418339,*****
0500000US19155,19155,"Pottawattamie County, Iowa",89409,*****
0500000US19163,19163,"Scott County, Iowa",162687,*****
0500000US19169,19169,"Story County, Iowa",84752,*****
0500000US19193,19193,"Woodbury County, Iowa",102287,*****
0500000US20045,20045,"Douglas County, Kansas",113488,*****
0500000US20091,20091,"Johnson County, Kansas",526319,*****
0500000US20103,20103,"Leavenworth County, Kansas",74018,2262
0500000US20161,20161,"Riley County, Kansas",69083,*****
0500000US20173,20173,"Sedgwick County, Kansas",476026,*****
0500000US20177,20177,"Shawnee County, Kansas",173476,*****
0500000US20209,20209,"Wyandotte County, Kansas",153956,*****
0500000US21015,21015,"Boone County, Kentucky",112459,*****
0500000US21029,21029,"Bullitt County, Kentucky",73931,*****
0500000US21037,21037,"Campbell County, Kentucky",86858,*****
0500000US21047,21047,"Christian County, Kentucky",80868,*****
0500000US21059,21059,"Daviess County, Kentucky",93756,*****
0500000US21067,21067,"Fayette County, Kentucky",279044,*****
0500000US21093,21093,"Hardin County, Kentucky",97949,*****
0500000US21111,21111,"Jefferson County, Kentucky",709264,*****
0500000US21117,21117,"Kenton County, Kentucky",156675,*****
0500000US21151,21151,"Madison County, Kentucky",81103,*****
0500000US21195,21195,"Pike County, Kentucky",65544,*****
0500000US21227,21227,"Warren County, Kentucky",104023,*****
0500000US22005,22005,"Ascension Parish, Louisiana",99056,*****
0500000US22015,22015,"Bossier Parish, Louisiana",108705,*****
0500000US22017,22017,"Caddo Parish, Louisiana",252609,*****
0500000US22019,22019,"Calcasieu Parish, Louisiana",184512,*****
0500000US22033,22033,"East Baton Rouge Parish, Louisiana",430317,*****
0500000US22045,22045,"Iberia Parish, Louisiana",74965,*****
0500000US22051,22051,"Jefferson Parish, Louisiana",423520,*****
0500000US22055,22055,"Lafayette Parish, Louisiana",204843,*****
0500000US22057,22057,"Lafourche Parish, Louisiana",92713,*****
0500000US22063,22063,"Livingston Parish, Louisiana",116580,*****
0500000US22071,22071,"Orleans Parish, Louisiana",239124,*****
0500000US22073,22073,"Ouachita Parish, Louisiana",149502,*****
0500000US22079,22079,"Rapides Parish, Louisiana",130079,*****
0500000US22097,22097,"St. Landry Parish, Louisiana",91362,*****
0500000US22103,22103,"St. Tammany Parish, Louisiana",226625,*****
0500000US22105,22105,"Tangipahoa Parish, Louisiana",115398,*****
0500000US22109,22109,"Terrebonne Parish, Louisiana",108424,*****
0500000US23001,23001,"Androscoggin County, Maine",106815,*****
0500000US23003,23003,"Aroostook County, Maine",72047,*****
0500000US23005,23005,"Cumberland County, Maine",275374,*****
0500000US23011,23011,"Kennebec County, Maine",120839,*****
0500000US23019,23019,"Penobscot County, Maine",148784,*****
0500000US23031,23031,"York County, Maine",201341,*****
0500000US24001,24001,"Allegany County, Maryland",72594,*****
0500000US24003,24003,"Anne Arundel County, Maryland",512154,*****
0500000US24005,24005,"Baltimore County, Maryland",788994,*****
0500000US24009,24009,"Calvert County, Maryland",88223,*****
0500000US24013,24013,"Carroll County, Maryland",169220,*****
0500000US24015,24015,"Cecil County, Maryland",99695,*****
0500000US24017,24017,"Charles County, Maryland",140444,*****
0500000US24021,24021,"Frederick County, Maryland",224705,*****
0500000US24025,24025,"Harford County, Maryland",239993,*****
0500000US24027,24027,"Howard County, Maryland",273669,*****
0500000US24031,24031,"Montgomery County, Maryland",930813,*****
0500000US24033,24033,"Prince George's County, Maryland",828770,*****
0500000US24037,24037,"St. Mary's County, Maryland",100378,*****
0500000US24043,24043,"Washington County, Maryland",145113,*****
0500000US24045,24045,"Wicomico County, Maryland",93600,*****
0500000US24510,24510,"Baltimore city, Maryland",637455,*****
0500000US25001,25001,"Barnstable County, Massachusetts",222175,*****
0500000US25003,25003,"Berkshire County, Massachusetts",129798,*****
0500000US25005,25005,"Bristol County, Massachusetts",543024,*****
0500000US25009,25009,"Essex County, Massachusetts",733101,*****
0500000US25011,25011,"Franklin County, Massachusetts",71602,*****
0500000US25013,25013,"Hampden County, Massachusetts",457908,*****
0500000US25015,25015,"Hampshire County, Massachusetts",153147,*****
0500000US25017,25017,"Middlesex County, Massachusetts",1473416,*****
0500000US25021,25021,"Norfolk County, Massachusetts",654909,*****
0500000US25023,25023,"Plymouth County, Massachusetts",490258,*****
0500000US25025,25025,"Suffolk County, Massachusetts",713049,*****
0500000US25027,25027,"Worcester County, Massachusetts",781352,*****
0500000US26005,26005,"Allegan County, Michigan",112761,*****
0500000US26017,26017,"Bay County, Michigan",107517,*****
0500000US26021,26021,"Berrien County, Michigan",159589,*****
0500000US26025,26025,"Calhoun County, Michigan",136615,*****
0500000US26037,26037,"Clinton County, Michigan",69755,*****
0500000US26045,26045,"Eaton County, Michigan",107390,*****
0500000US26049,26049,"Genesee County, Michigan",434715,*****
0500000US26055,26055,"Grand Traverse County, Michigan",85479,*****
0500000US26065,26065,"Ingham County, Michigan",279295,*****
0500000US26073,26073,"Isabella County, Michigan",66693,*****
0500000US26075,26075,"Jackson County, Michigan",163006,*****
0500000US26077,26077,"Kalamazoo County, Michigan",245333,*****
0500000US26081,26081,"Kent County, Michigan",604330,*****
0500000US26087,26087,"Lapeer County, Michigan",92012,*****
0500000US26091,26091,"Lenawee County, Michigan",101243,*****
0500000US26093,26093,"Livingston County, Michigan",183194,*****
0500000US26099,26099,"Macomb County, Michigan",831077,*****
0500000US26103,26103,"Marquette County, Michigan",65216,*****
0500000US26111,26111,"Midland County, Michigan",82818,*****
0500000US26115,26115,"Monroe County, Michigan",153608,*****
0500000US26121,26121,"Muskegon County, Michigan",174386,*****
0500000US26125,26125,"Oakland County, Michigan",1206089,*****
0500000US26139,26139,"Ottawa County, Michigan",259206,*****
0500000US26145,26145,"Saginaw County, Michigan",202268,*****
0500000US26147,26147,"St. Clair County, Michigan",170119,*****
0500000US26155,26155,"Shiawassee County, Michigan",71753,*****
0500000US26159,26159,"Van Buren County, Michigan",77931,*****
0500000US26161,26161,"Washtenaw County, Michigan",350003,*****
0500000US26163,26163,"Wayne County, Michigan",1985101,*****
0500000US27003,27003,"Anoka County, Minnesota",326252,*****
0500000US27019,27019,"Carver County, Minnesota",88459,*****
0500000US27037,27037,"Dakota County, Minnesota",390478,*****
0500000US27053,27053,"Hennepin County, Minnesota",1136599,*****
0500000US27109,27109,"Olmsted County, Minnesota",139747,*****
0500000US27123,27123,"Ramsey County, Minnesota",499891,*****
0500000US27137,27137,"St. Louis County, Minnesota",196694,*****
0500000US27139,27139,"Scott County, Minnesota",126642,*****
0500000US27141,27141,"Sherburne County, Minnesota",86287,*****
0500000US27145,27145,"Stearns County, Minnesota",146051,*****
0500000US27163,27163,"Washington County, Minnesota",226475,*****
0500000US27171,27171,"Wright County, Minnesota",117372,*****
0500000US28033,28033,"DeSoto County, Mississippi",149393,*****
0500000US28035,28035,"Forrest County, Mississippi",78241,*****
0500000US28047,28047,"Harrison County, Mississippi",176105,*****
0500000US28049,28049,"Hinds County, Mississippi",249157,*****
0500000US28059,28059,"Jackson County, Mississippi",130098,*****
0500000US28067,28067,"Jones County, Mississippi",68553,3197
0500000US28075,28075,"Lauderdale County, Mississippi",77100,*****
0500000US28081,28081,"Lee County, Mississippi",80349,*****
0500000US28089,28089,"Madison County, Mississippi",89387,*****
0500000US28121,28121,"Rankin County, Mississippi",138362,*****
0500000US29019,29019,"Boone County, Missouri",152435,*****
0500000US29021,29021,"Buchanan County, Missouri",86485,*****
0500000US29031,29031,"Cape Girardeau County, Missouri",72740,*****
0500000US29037,29037,"Cass County, Missouri",97133,*****
0500000US29043,29043,"Christian County, Missouri",73066,*****
0500000US29047,29047,"Clay County, Missouri",211952,*****
0500000US29051,29051,"Cole County, Missouri",73698,*****
0500000US29071,29071,"Franklin County, Missouri",100045,*****
0500000US29077,29077,"Greene County, Missouri",263980,*****
0500000US29095,29095,"Jackson County, Missouri",666890,*****
0500000US29097,29097,"Jasper County, Missouri",115240,*****
0500000US29099,29099,"Jefferson County, Missouri",216076,*****
0500000US29165,29165,"Platte County, Missouri",84881,*****
0500000US29183,29183,"St. Charles County, Missouri",343952,*****
0500000US29189,29189,"St. Louis County, Missouri",995118,*****
0500000US29510,29510,"St. Louis city, Missouri",350759,*****
0500000US30013,30013,"Cascade County, Montana",81775,*****
0500000US30029,30029,"Flathead County, Montana",86844,*****
0500000US30031,30031,"Gallatin County, Montana",89204,2114
0500000US30063,30063,"Missoula County, Montana",105650,*****
0500000US30111,30111,"Yellowstone County, Montana",139936,*****
0500000US31055,31055,"Douglas County, Nebraska",497416,*****
0500000US31109,31109,"Lancaster County, Nebraska",275665,*****
0500000US31153,31153,"Sarpy County, Nebraska",146756,*****
0500000US32003,32003,"Clark County, Nevada",1836333,*****
0500000US32031,32031,"Washoe County, Nevada",406079,*****
0500000US33005,33005,"Cheshire County, New Hampshire",77725,*****
0500000US33009,33009,"Grafton County, New Hampshire",85514,*****
0500000US33011,33011,"Hillsborough County, New Hampshire",402302,*****
0500000US33013,33013,"Merrimack County, New Hampshire",148274,*****
0500000US33015,33015,"Rockingham County, New Hampshire",296543,*****
0500000US33017,33017,"Strafford County, New Hampshire",121581,*****
0500000US34001,34001,"Atlantic County, New Jersey",270644,*****
0500000US34003,34003,"Bergen County, New Jersey",895744,*****
0500000US34005,34005,"Burlington County, New Jersey",446817,*****
0500000US34007,34007,"Camden County, New Jersey",513769,*****
0500000US34009,34009,"Cape May County, New Jersey",96422,*****
0500000US34011,34011,"Cumberland County, New Jersey",155544,*****
0500000US34013,34013,"Essex County, New Jersey",776087,*****
0500000US34015,34015,"Gloucester County, New Jersey",285753,*****
0500000US34017,34017,"Hudson County, New Jersey",598160,*****
0500000US34019,34019,"Hunterdon County, New Jersey",129348,*****
0500000US34021,34021,"Mercer County, New Jersey",365449,*****
0500000US34023,34023,"Middlesex County, New Jersey",788629,*****
0500000US34025,34025,"Monmouth County, New Jersey",642030,*****
0500000US34027,34027,"Morris County, New Jersey",488475,*****
0500000US34029,34029,"Ocean County, New Jersey",565493,*****
0500000US34031,34031,"Passaic County, New Jersey",492115,*****
0500000US34033,34033,"Salem County, New Jersey",66016,*****
0500000US34035,34035,"Somerset County, New Jersey",323552,*****
0500000US34037,34037,"Sussex County, New Jersey",151478,*****
0500000US34039,34039,"Union County, New Jersey",524658,*****
0500000US34041,34041,"Warren County, New Jersey",109737,*****
0500000US35001,35001,"Bernalillo County, New Mexico",629292,*****
0500000US35013,35013,"Dona Ana County, New Mexico",198791,*****
0500000US35031,35031,"McKinley County, New Mexico",70059,*****
0500000US35043,35043,"Sandoval County, New Mexico",117866,*****
0500000US35045,35045,"San Juan County, New Mexico",122427,*****
0500000US35049,35049,"Santa Fe County, New Mexico",142955,*****
0500000US35061,35061,"Valencia County, New Mexico",67998,2800
0500000US36001,36001,"Albany County, New York",299307,*****
0500000US36005,36005,"Bronx County, New York",1373659,*****
0500000US36007,36007,"Broome County, New York",195973,*****
0500000US36009,36009,"Cattaraugus County, New York",80087,*****
0500000US36011,36011,"Cayuga County, New York",80066,*****
0500000US36013,36013,"Chautauqua County, New York",133945,*****
0500000US36015,36015,"Chemung County, New York",88015,*****
0500000US36019,36019,"Clinton County, New York",82215,*****
0500000US36027,36027,"Dutchess County, New York",292746,*****
0500000US36029,36029,"Erie County, New York",913338,*****
0500000US36045,36045,"Jefferson County, New York",117201,*****
0500000US36047,36047,"Kings County, New York",2528050,*****
0500000US36053,36053,"Madison County, New York",69829,*****
0500000US36055,36055,"Monroe County, New York",729681,*****
0500000US36059,36059,"Nassau County, New York",1306533,*****
0500000US36061,36061,"New York County, New York",1620867,*****
0500000US36063,36063,"Niagara County, New York",214845,*****
0500000US36065,36065,"Oneida County, New York",232304,*****
0500000US36067,36067,"Onondaga County, New York",454010,*****
0500000US36069,36069,"Ontario County, New York",103956,*****
0500000US36071,36071,"Orange County, New York",377169,*****
0500000US36075,36075,"Oswego County, New York",121454,*****
0500000US36079,36079,"Putnam County, New York",99489,*****
0500000US36081,36081,"Queens County, New York",2270338,*****
0500000US36083,36083,"Rensselaer County, New York",155318,*****
0500000US36085,36085,"Richmond County, New York",481613,*****
0500000US36087,36087,"Rockland County, New York",296483,*****
0500000US36089,36089,"St. Lawrence County, New York",109809,*****
0500000US36091,36091,"Saratoga County, New York",215852,*****
0500000US36093,36093,"Schenectady County, New York",150818,*****
0500000US36101,36101,"Steuben County, New York",96874,*****
0500000US36103,36103,"Suffolk County, New York",1453229,*****
0500000US36105,36105,"Sullivan County, New York",76303,*****
0500000US36109,36109,"Tompkins County, New York",101055,*****
0500000US36111,36111,"Ulster County, New York",181860,*****
0500000US36113,36113,"Warren County, New York",66143,*****
0500000US36117,36117,"Wayne County, New York",91291,*****
0500000US36119,36119,"Westchester County, New York",951325,*****
0500000US37001,37001,"Alamance County, North Carolina",145360,*****
0500000US37019,37019,"Brunswick County, North Carolina",99214,*****
0500000US37021,37021,"Buncombe County, North Carolina",226771,*****
0500000US37023,37023,"Burke County, North Carolina",88975,*****
0500000US37025,37025,"Cabarrus County, North Carolina",163262,*****
0500000US37027,37027,"Caldwell County, North Carolina",79454,*****
0500000US37035,37035,"Catawba County, North Carolina",155646,*****
0500000US37045,37045,"Cleveland County, North Carolina",98453,*****
0500000US37049,37049,"Craven County, North Carolina",96746,*****
0500000US37051,37051,"Cumberland County, North Carolina",306518,*****
0500000US37057,37057,"Davidson County, North Carolina",156530,*****
0500000US37063,37063,"Durham County, North Carolina",256500,*****
0500000US37067,37067,"Forsyth County, North Carolina",338774,*****
0500000US37071,37071,"Gaston County, North Carolina",202535,*****
0500000US37081,37081,"Guilford County, North Carolina",465931,*****
0500000US37085,37085,"Harnett County, North Carolina",108721,*****
0500000US37089,37089,"Henderson County, North Carolina",100810,*****
0500000US37097,37097,"Iredell County, North Carolina",151445,*****
0500000US37101,37101,"Johnston County, North Carolina",157437,*****
0500000US37109,37109,"Lincoln County, North Carolina",73106,*****
0500000US37119,37119,"Mecklenburg County, North Carolina",867067,*****
0500000US37125,37125,"Moore County, North Carolina",84435,*****
0500000US37127,37127,"Nash County, North Carolina",92949,*****
0500000US37129,37129,"New Hanover County, North Carolina",190432,*****
0500000US37133,37133,"Onslow County, North Carolina",162745,*****
0500000US37135,37135,"Orange County, North Carolina",124313,*****
0500000US37147,37147,"Pitt County, North Carolina",152068,*****
0500000US37151,37151,"Randolph County, North Carolina",140145,*****
0500000US37155,37155,"Robeson County, North Carolina",128149,*****
0500000US37157,37157,"Rockingham County, North Carolina",92421,*****
0500000US37159,37159,"Rowan County, North Carolina",137383,*****
0500000US37171,37171,"Surry County, North Carolina",72380,*****
0500000US37179,37179,"Union County, North Carolina",184675,*****
0500000US37183,37183,"Wake County, North Carolina",832970,*****
0500000US37191,37191,"Wayne County, North Carolina",113590,*****
0500000US37193,37193,"Wilkes County, North Carolina",66844,*****
0500000US37195,37195,"Wilson County, North Carolina",76754,*****
0500000US38015,38015,"Burleigh County, North Dakota",77316,*****
0500000US38017,38017,"Cass County, North Dakota",137582,*****
0500000US38035,38035,"Grand Forks County, North Dakota",66983,*****
0500000US39003,39003,"Allen County, Ohio",105233,*****
0500000US39007,39007,"Ashtabula County, Ohio",101141,*****
0500000US39013,39013,"Belmont County, Ohio",67908,*****
0500000US39017,39017,"Butler County, Ohio",357888,*****
0500000US39023,39023,"Clark County, Ohio",140477,*****
0500000US39025,39025,"Clermont County, Ohio",193490,*****
0500000US39029,39029,"Columbiana County, Ohio",108698,*****
0500000US39035,39035,"Cuyahoga County, Ohio",1295958,*****
0500000US39041,39041,"Delaware County, Ohio",160865,*****
0500000US39043,39043,"Erie County, Ohio",77323,*****
0500000US39045,39045,"Fairfield County, Ohio",141318,*****
0500000US39049,39049,"Franklin County, Ohio",1118107,*****
0500000US39055,39055,"Geauga County, Ohio",95029,*****
0500000US39057,39057,"Greene County, Ohio",154656,*****
0500000US39061,39061,"Hamilton County, Ohio",842369,*****
0500000US39063,39063,"Hancock County, Ohio",74204,*****
0500000US39081,39081,"Jefferson County, Ohio",68730,*****
0500000US39085,39085,"Lake County, Ohio",233392,*****
0500000US39089,39089,"Licking County, Ohio",156985,*****
0500000US39093,39093,"Lorain County, Ohio",302260,*****
0500000US39095,39095,"Lucas County, Ohio",441910,*****
0500000US39099,39099,"Mahoning County, Ohio",240420,*****
0500000US39101,39101,"Marion County, Ohio",65248,*****
0500000US39103,39103,"Medina County, Ohio",169832,*****
0500000US39109,39109,"Miami County, Ohio",101038,*****
0500000US39113,39113,"Montgomery County, Ohio",538104,*****
0500000US39119,39119,"Muskingum County, Ohio",85333,*****
0500000US39133,39133,"Portage County, Ohio",155869,*****
0500000US39139,39139,"Richland County, Ohio",125679,*****
0500000US39141,39141,"Ross County, Ohio",75398,*****
0500000US39145,39145,"Scioto County, Ohio",75958,*****
0500000US39151,39151,"Stark County, Ohio",378664,*****
0500000US39153,39153,"Summit County, Ohio",543487,*****
0500000US39155,39155,"Trumbull County, Ohio",213475,*****
0500000US39157,39157,"Tuscarawas County, Ohio",91398,*****
0500000US39165,39165,"Warren County, Ohio",204390,*****
0500000US39169,39169,"Wayne County, Ohio",113554,*****
0500000US39173,39173,"Wood County, Ohio",125399,*****
0500000US40017,40017,"Canadian County, Oklahoma",103559,*****
0500000US40027,40027,"Cleveland County, Oklahoma",236452,*****
0500000US40031,40031,"Comanche County, Oklahoma",113811,*****
0500000US40037,40037,"Creek County, Oklahoma",69073,*****
0500000US40101,40101,"Muskogee County, Oklahoma",71116,*****
0500000US40109,40109,"Oklahoma County, Oklahoma",701807,*****
0500000US40119,40119,"Payne County, Oklahoma",79931,*****
0500000US40125,40125,"Pottawatomie County, Oklahoma",69038,*****
0500000US40131,40131,"Rogers County, Oklahoma",83105,*****
0500000US40143,40143,"Tulsa County, Oklahoma",585068,*****
0500000US40145,40145,"Wagoner County, Oklahoma",67239,*****
0500000US41003,41003,"Benton County, Oregon",81428,*****
0500000US41005,41005,"Clackamas County, Oregon",376251,*****
0500000US41017,41017,"Deschutes County, Oregon",154028,*****
0500000US41019,41019,"Douglas County, Oregon",104119,*****
0500000US41029,41029,"Jackson County, Oregon",199295,*****
0500000US41033,41033,"Josephine County, Oregon",81056,*****
0500000US41035,41035,"Klamath County, Oregon",66031,1380
0500000US41039,41039,"Lane County, Oregon",343591,*****
0500000US41043,41043,"Linn County, Oregon",113264,*****
0500000US41047,41047,"Marion County, Oregon",311449,*****
0500000US41051,41051,"Multnomah County, Oregon",701986,*****
0500000US41053,41053,"Polk County, Oregon",75265,*****
0500000US41059,41059,"Umatilla County, Oregon",73491,*****
0500000US41067,41067,"Washington County, Oregon",522514,*****
0500000US41071,41071,"Yamhill County, Oregon",96573,*****
0500000US42001,42001,"Adams County, Pennsylvania",100779,*****
0500000US42003,42003,"Allegheny County, Pennsylvania",1219210,*****
0500000US42005,42005,"Armstrong County, Pennsylvania",69059,*****
0500000US42007,42007,"Beaver County, Pennsylvania",173074,*****
0500000US42011,42011,"Berks County, Pennsylvania",401955,*****
0500000US42013,42013,"Blair County, Pennsylvania",125527,*****
0500000US42017,42017,"Bucks County, Pennsylvania",621144,*****
0500000US42019,42019,"Butler County, Pennsylvania",181934,*****
0500000US42021,42021,"Cambria County, Pennsylvania",144995,*****
0500000US42027,42027,"Centre County, Pennsylvania",144658,*****
0500000US42029,42029,"Chester County, Pennsylvania",486345,*****
0500000US42033,42033,"Clearfield County, Pennsylvania",81452,*****
0500000US42037,42037,"Columbia County, Pennsylvania",64726,*****
0500000US42039,42039,"Crawford County, Pennsylvania",88663,*****
0500000US42041,42041,"Cumberland County, Pennsylvania",228019,*****
0500000US42043,42043,"Dauphin County, Pennsylvania",255710,*****
0500000US42045,42045,"Delaware County, Pennsylvania",554399,*****
0500000US42049,42049,"Erie County, Pennsylvania",279092,*****
0500000US42051,42051,"Fayette County, Pennsylvania",144556,*****
0500000US42055,42055,"Franklin County, Pennsylvania",141665,*****
0500000US42063,42063,"Indiana County, Pennsylvania",87690,*****
0500000US42069,42069,"Lackawanna County, Pennsylvania",209330,*****
0500000US42071,42071,"Lancaster County, Pennsylvania",498465,*****
0500000US42073,42073,"Lawrence County, Pennsylvania",90991,*****
0500000US42075,42075,"Lebanon County, Pennsylvania",127889,*****
0500000US42077,42077,"Lehigh County, Pennsylvania",337343,*****
0500000US42079,42079,"Luzerne County, Pennsylvania",312265,*****
0500000US42081,42081,"Lycoming County, Pennsylvania",116811,*****
0500000US42085,42085,"Mercer County, Pennsylvania",116809,*****
0500000US42089,42089,"Monroe County, Pennsylvania",164722,*****
0500000US42091,42091,"Montgomery County, Pennsylvania",776172,*****
0500000US42095,42095,"Northampton County, Pennsylvania",293522,*****
0500000US42097,42097,"Northumberland County, Pennsylvania",91003,*****
0500000US42101,42101,"Philadelphia County, Pennsylvania",1449634,*****
0500000US42107,42107,"Schuylkill County, Pennsylvania",147269,*****
0500000US42111,42111,"Somerset County, Pennsylvania",77861,*****
0500000US42125,42125,"Washington County, Pennsylvania",205553,*****
0500000US42129,42129,"Westmoreland County, Pennsylvania",362326,*****
0500000US42133,42133,"York County, Pennsylvania",421049,*****
0500000US44003,44003,"Kent County, Rhode Island",168639,*****
0500000US44005,44005,"Newport County, Rhode Island",82777,*****
0500000US44007,44007,"Providence County, Rhode Island",629435,*****
0500000US44009,44009,"Washington County, Rhode Island",126902,*****
0500000US45003,45003,"Aiken County, South Carolina",152307,*****
0500000US45007,45007,"Anderson County, South Carolina",179981,*****
0500000US45013,45013,"Beaufort County, South Carolina",147316,*****
0500000US45015,45015,"Berkeley County, South Carolina",163622,*****
0500000US45019,45019,"Charleston County, South Carolina",342973,*****
0500000US45031,45031,"Darlington County, South Carolina",66833,*****
0500000US45035,45035,"Dorchester County, South Carolina",123505,*****
0500000US45041,45041,"Florence County, South Carolina",131886,*****
0500000US45045,45045,"Greenville County, South Carolina",428243,*****
0500000US45047,45047,"Greenwood County, South Carolina",68259,*****
0500000US45051,45051,"Horry County, South Carolina",249925,*****
0500000US45057,45057,"Lancaster County, South Carolina",73393,*****
0500000US45059,45059,"Laurens County, South Carolina",69582,*****
0500000US45063,45063,"Lexington County, South Carolina",243270,*****
0500000US45073,45073,"Oconee County, South Carolina",70753,*****
0500000US45075,45075,"Orangeburg County, South Carolina",89952,*****
0500000US45077,45077,"Pickens County, South Carolina",116003,*****
0500000US45079,45079,"Richland County, South Carolina",357734,*****
0500000US45083,45083,"Spartanburg County, South Carolina",275534,*****
0500000US45085,45085,"Sumter County, South Carolina",103943,*****
0500000US45091,45091,"York County, South Carolina",208827,*****
0500000US46099,46099,"Minnehaha County, South Dakota",175272,*****
0500000US46103,46103,"Pennington County, South Dakota",96280,*****
0500000US47001,47001,"Anderson County, Tennessee",73471,*****
0500000US47009,47009,"Blount County, Tennessee",119855,*****
0500000US47011,47011,"Bradley County, Tennessee",95443,*****
0500000US47037,47037,"Davidson County, Tennessee",619626,*****
0500000US47059,47059,"Greene County, Tennessee",69943,2002
0500000US47065,47065,"Hamilton County, Tennessee",330168,*****
0500000US47093,47093,"Knox County, Tennessee",423874,*****
0500000US47113,47113,"Madison County, Tennessee",96518,*****
0500000US47119,47119,"Maury County, Tennessee",79966,*****
0500000US47125,47125,"Montgomery County, Tennessee",154460,*****
0500000US47141,47141,"Putnam County, Tennessee",69916,*****
0500000US47149,47149,"Rutherford County, Tennessee",241462,*****
0500000US47155,47155,"Sevier County, Tennessee",83527,*****
0500000US47157,47157,"Shelby County, Tennessee",910100,*****
0500000US47163,47163,"Sullivan County, Tennessee",153519,*****
0500000US47165,47165,"Sumner County, Tennessee",152721,*****
0500000US47179,47179,"Washington County, Tennessee",116657,*****
0500000US47187,47187,"Williamson County, Tennessee",166128,*****
0500000US47189,47189,"Wilson County, Tennessee",106356,*****
0500000US48005,48005,"Angelina County, Texas",82812,*****
0500000US48021,48021,"Bastrop County, Texas",67487,4394
0500000US48027,48027,"Bell County, Texas",276975,*****
0500000US48029,48029,"Bexar County, Texas",1594493,*****
0500000US48037,48037,"Bowie County, Texas",91553,*****
0500000US48039,48039,"Brazoria County, Texas",294233,*****
0500000US48041,48041,"Brazos County, Texas",170954,*****
0500000US48061,48061,"Cameron County, Texas",387210,*****
0500000US48085,48085,"Collin County, Texas",730690,*****
0500000US48091,48091,"Comal County, Texas",105187,*****
0500000US48099,48099,"Coryell County, Texas",72156,*****
0500000US48113,48113,"Dallas County, Texas",2366511,*****
0500000US48121,48121,"Denton County, Texas",612357,*****
0500000US48135,48135,"Ector County, Texas",129570,*****
0500000US48139,48139,"Ellis County, Texas",143468,*****
0500000US48141,48141,"El Paso County, Texas",734669,*****
0500000US48157,48157,"Fort Bend County, Texas",509822,*****
0500000US48167,48167,"Galveston County, Texas",283987,*****
0500000US48181,48181,"Grayson County, Texas",118675,*****
0500000US48183,48183,"Gregg County, Texas",117119,*****
0500000US48187,48187,"Guadalupe County, Texas",112777,*****
0500000US48201,48201,"Harris County, Texas",3935855,*****
0500000US48209,48209,"Hays County, Texas",141480,*****
0500000US48213,48213,"Henderson County, Texas",78897,*****
0500000US48215,48215,"Hidalgo County, Texas",710514,*****
0500000US48231,48231,"Hunt County, Texas",82945,*****
0500000US48245,48245,"Jefferson County, Texas",241975,*****
0500000US48251,48251,"Johnson County, Texas",149797,*****
0500000US48257,48257,"Kaufman County, Texas",96373,*****
0500000US48291,48291,"Liberty County, Texas",75434,*****
0500000US48303,48303,"Lubbock County, Texas",260901,*****
0500000US48309,48309,"McLennan County, Texas",228123,*****
0500000US48329,48329,"Midland County, Texas",126408,*****
0500000US48339,48339,"Montgomery County, Texas",412638,*****
0500000US48355,48355,"Nueces County, Texas",321135,*****
0500000US48361,48361,"Orange County, Texas",82669,*****
0500000US48367,48367,"Parker County, Texas",108687,*****
0500000US48375,48375,"Potter County, Texas",120775,*****
0500000US48381,48381,"Randall County, Texas",113036,*****
0500000US48397,48397,"Rockwall County, Texas",73810,*****
0500000US48409,48409,"San Patricio County, Texas",68520,*****
0500000US48423,48423,"Smith County, Texas",198705,*****
0500000US48439,48439,"Tarrant County, Texas",1717435,*****
0500000US48441,48441,"Taylor County, Texas",126540,*****
0500000US48451,48451,"Tom Green County, Texas",106342,*****
0500000US48453,48453,"Travis County, Texas",974365,*****
0500000US48469,48469,"Victoria County, Texas",86291,*****
0500000US48479,48479,"Webb County, Texas",233152,*****
0500000US48485,48485,"Wichita County, Texas",128025,*****
0500000US48491,48491,"Williamson County, Texas",373363,*****
0500000US49005,49005,"Cache County, Utah",108887,*****
0500000US49011,49011,"Davis County, Utah",288146,*****
0500000US49035,49035,"Salt Lake County, Utah",1009518,*****
0500000US49049,49049,"Utah County, Utah",483702,*****
0500000US49053,49053,"Washington County, Utah",133791,*****
0500000US49057,49057,"Weber County, Utah",221846,*****
0500000US50007,50007,"Chittenden County, Vermont",151826,*****
0500000US51003,51003,"Albemarle County, Virginia",93117,*****
0500000US51013,51013,"Arlington County, Virginia",204568,*****
0500000US51015,51015,"Augusta County, Virginia",69522,2343
0500000US51019,51019,"Bedford County, Virginia",67018,3012
0500000US51041,51041,"Chesterfield County, Virginia",299689,*****
0500000US51059,51059,"Fairfax County, Virginia",1010241,*****
0500000US51061,51061,"Fauquier County, Virginia",65957,2772
0500000US51069,51069,"Frederick County, Virginia",72880,*****
0500000US51085,51085,"Hanover County, Virginia",98946,*****
0500000US51087,51087,"Henrico County, Virginia",289822,*****
0500000US51107,51107,"Loudoun County, Virginia",278797,*****
0500000US51121,51121,"Montgomery County, Virginia",89193,*****
0500000US51153,51153,"Prince William County, Virginia",360411,*****
0500000US51161,51161,"Roanoke County, Virginia",90420,*****
0500000US51165,51165,"Rockingham County, Virginia",73524,*****
0500000US51177,51177,"Spotsylvania County, Virginia",119194,*****
0500000US51179,51179,"Stafford County, Virginia",120723,*****
0500000US51510,51510,"Alexandria city, Virginia",140024,*****
0500000US51550,51550,"Chesapeake city, Virginia",219154,*****
0500000US51650,51650,"Hampton city, Virginia",146439,*****
0500000US51680,51680,"Lynchburg city, Virginia",69335,2842
0500000US51700,51700,"Newport News city, Virginia",179153,*****
0500000US51710,51710,"Norfolk city, Virginia",235747,*****
0500000US51740,51740,"Portsmouth city, Virginia",101967,*****
0500000US51760,51760,"Richmond city, Virginia",200123,*****
0500000US51770,51770,"Roanoke city, Virginia",92600,*****
0500000US51800,51800,"Suffolk city, Virginia",81332,*****
0500000US51810,51810,"Virginia Beach city, Virginia",434743,*****
0500000US53005,53005,"Benton County, Washington",159414,*****
0500000US53007,53007,"Chelan County, Washington",70993,*****
0500000US53009,53009,"Clallam County, Washington",70474,*****
0500000US53011,53011,"Clark County, Washington",418070,*****
0500000US53015,53015,"Cowlitz County, Washington",100467,*****
0500000US53021,53021,"Franklin County, Washington",69578,*****
0500000US53025,53025,"Grant County, Washington",83047,*****
0500000US53027,53027,"Grays Harbor County, Washington",71335,*****
0500000US53029,53029,"Island County, Washington",81326,*****
0500000US53033,53033,"King County, Washington",1859284,*****
0500000US53035,53035,"Kitsap County, Washington",236732,*****
0500000US53041,53041,"Lewis County, Washington",73645,*****
0500000US53053,53053,"Pierce County, Washington",773165,*****
0500000US53057,53057,"Skagit County, Washington",116397,*****
0500000US53061,53061,"Snohomish County, Washington",676898,*****
0500000US53063,53063,"Spokane County, Washington",456175,*****
0500000US53067,53067,"Thurston County, Washington",238555,*****
0500000US53073,53073,"Whatcom County, Washington",192999,*****
0500000US53077,53077,"Yakima County, Washington",233062,*****
0500000US54003,54003,"Berkeley County, West Virginia",99734,*****
0500000US54011,54011,"Cabell County, West Virginia",94435,*****
0500000US54033,54033,"Harrison County, West Virginia",68309,*****
0500000US54039,54039,"Kanawha County, West Virginia",191306,*****
0500000US54061,54061,"Monongalia County, West Virginia",87516,*****
0500000US54081,54081,"Raleigh County, West Virginia",79170,*****
0500000US54107,54107,"Wood County, West Virginia",86088,*****
0500000US55009,55009,"Brown County, Wisconsin",243132,*****
0500000US55025,55025,"Dane County, Wisconsin",476785,*****
0500000US55027,55027,"Dodge County, Wisconsin",87786,*****
0500000US55035,55035,"Eau Claire County, Wisconsin",97406,*****
0500000US55039,55039,"Fond du Lac County, Wisconsin",99124,*****
0500000US55055,55055,"Jefferson County, Wisconsin",80213,*****
0500000US55059,55059,"Kenosha County, Wisconsin",162921,*****
0500000US55063,55063,"La Crosse County, Wisconsin",111411,*****
0500000US55071,55071,"Manitowoc County, Wisconsin",80928,*****
0500000US55073,55073,"Marathon County, Wisconsin",129958,*****
0500000US55079,55079,"Milwaukee County, Wisconsin",951252,*****
0500000US55087,55087,"Outagamie County, Wisconsin",173703,*****
0500000US55089,55089,"Ozaukee County, Wisconsin",85602,*****
0500000US55097,55097,"Portage County, Wisconsin",68272,*****
0500000US55101,55101,"Racine County, Wisconsin",195099,*****
0500000US55105,55105,"Rock County, Wisconsin",159623,*****
0500000US55109,55109,"St. Croix County, Wisconsin",81131,*****
0500000US55117,55117,"Sheboygan County, Wisconsin",114504,*****
0500000US55127,55127,"Walworth County, Wisconsin",100800,*****
0500000US55131,55131,"Washington County, Wisconsin",128211,*****
0500000US55133,55133,"Waukesha County, Wisconsin",379333,*****
0500000US55139,55139,"Winnebago County, Wisconsin",162154,*****
0500000US55141,55141,"Wood County, Wisconsin",73944,*****
0500000US56021,56021,"Laramie County, Wyoming",86353,*****
0500000US56025,56025,"Natrona County, Wyoming",71750,*****