GEO.id,GEO.id2,GEO.display-label,HD01_VD01,HD02_VD01
Id,Id2,Geography,Estimate; Total,Margin of Error; Total
0100000US,,United States,304059728,*****
0400000US01,1,Alabama,4661900,*****
0400000US02,2,Alaska,686293,*****
0400000US04,4,Arizona,6500180,*****
0400000US05,5,Arkansas,2855390,*****
0400000US06,6,California,36756666,*****
0400000US08,8,Colorado,4939456,*****
0400000US09,9,Connecticut,3501252,*****
0400000US10,10,Delaware,873092,*****
0400000US11,11,District of Columbia,591833,*****
0400000US12,12,Florida,18328340,*****
0400000US13,13,Georgia,9685744,*****
0400000US15,15,Hawaii,1288198,*****
0400000US16,16,Idaho,1523816,*****
0400000US17,17,Illinois,12901564,*****
0400000US18,18,Indiana,6376792,*****
0400000US19,19,Iowa,3002557,*****
0400000US20,20,Kansas,2802134,*****
0400000US21,21,Kentucky,4269245,*****
0400000US22,22,Louisiana,4410796,*****
0400000US23,23,Maine,1316456,*****
0400000US24,24,Maryland,5633597,*****
0400000US25,25,Massachusetts,6497967,*****
0400000US26,26,Michigan,10003422,*****
0400000US27,27,Minnesota,5220393,*****
0400000US28,28,Mississippi,2938618,*****
0400000US29,29,Missouri,5911605,*****
0400000US30,30,Montana,967440,*****
0400000US31,31,Nebraska,1783432,*****
0400000US32,32,Nevada,2600167,*****
0400000US33,33,New Hampshire,1315809,*****
0400000US34,34,New Jersey,8682661,*****
0400000US35,35,New Mexico,1984356,*****
0400000US36,36,New York,19490297,*****
0400000US37,37,North Carolina,9222414,*****
0400000US38,38,North Dakota,641481,*****
0400000US39,39,Ohio,11485910,*****
0400000US40,40,Oklahoma,3642361,*****
0400000US41,41,Oregon,3790060,*****
0400000US42,42,Pennsylvania,12448279,*****
0400000US44,44,Rhode Island,1050788,*****
0400000US45,45,South Carolina,4479800,*****
0400000US46,46,South Dakota,804194,*****
0400000US47,47,Tennessee,6214888,*****
0400000US48,48,Texas,24326974,*****
0400000US49,49,Utah,2736424,*****
0400000US50,50,Vermont,621270,*****
0400000US51,51,Virginia,7769089,*****
0400000US53,53,Washington,6549224,*****
0400000US54,54,West Virginia,1814468,*****
0400000US55,55,Wisconsin,5627968,*****
0400000US56,56,Wyoming,532668,*****
0400000US72,72,Puerto Rico,3954037,*****
0500000US01003,1003,"Baldwin County, Alabama",174439,*****
0500000US01015,1015,"Calhoun County, Alabama",113419,*****
0500000US01043,1043,"Cullman County, Alabama",81324,*****
0500000US01049,1049,"DeKalb County, Alabama",68515,*****
0500000US01051,1051,"Elmore County, Alabama",78106,*****
0500000US01055,1055,"Etowah County, Alabama",103303,*****
0500000US01069,1069,"Houston County, Alabama",98488,*****
0500000US01073,1073,"Jefferson County, Alabama",659503,*****
0500000US01077,1077,"Lauderdale County, Alabama",89128,*****
0500000US01081,1081,"Lee County, Alabama",133010,*****
0500000US01083,1083,"Limestone County, Alabama",76135,*****
0500000US01089,1089,"Madison County, Alabama",319510,*****
0500000US01095,1095,"Marshall County, Alabama",88484,*****
0500000US01097,1097,"Mobile County, Alabama",406309,*****
0500000US01101,1101,"Montgomery County, Alabama",224810,*****
0500000US01103,1103,"Morgan County, Alabama",115959,*****
0500000US01115,1115,"St. Clair County, Alabama",79577,3648
0500000US01117,1117,"Shelby County, Alabama",187784,*****
0500000US01121,1121,"Talladega County, Alabama",80279,*****
0500000US01125,1125,"Tuscaloosa County, Alabama",179448,*****
0500000US01127,1127,"Walker County, Alabama",68970,*****
0500000US02020,2020,"Anchorage Municipality, Alaska",279243,*****
0500000US02090,2090,"Fairbanks North Star Borough, Alaska",97970,*****
0500000US02170,2170,"Matanuska-Susitna Borough, Alaska",85458,*****
0500000US04001,4001,"Apache County, Arizona",70207,*****
0500000US04003,4003,"Cochise County, Arizona",129006,*****
0500000US04005,4005,"Coconino County, Arizona",128558,*****
0500000US04013,4013,"Maricopa County, Arizona",3954598,*****
0500000US04015,4015,"Mohave County, Arizona",196281,*****
0500000US04017,4017,"Navajo County, Arizona",112757,*****
0500000US04019,4019,"Pima County, Arizona",1012018,*****
0500000US04021,4021,"Pinal County, Arizona",327301,*****
0500000US04025,4025,"Yavapai County, Arizona",215503,*****
0500000US04027,4027,"Yuma County, Arizona",194322,*****
0500000US05007,5007,"Benton County, Arkansas",209791,*****
0500000US05031,5031,"Craighead County, Arkansas",92640,*****
0500000US05045,5045,"Faulkner County, Arkansas",106823,*****
0500000US05051,5051,"Garland County, Arkansas",97465,*****
0500000US05069,5069,"Jefferson County, Arkansas",78373,*****
0500000US05085,5085,"Lonoke County, Arkansas",65233,*****
0500000US05119,5119,"Pulaski County, Arkansas",376797,*****
0500000US05125,5125,"Saline County, Arkansas",98209,*****
0500000US05131,5131,"Sebastian County, Arkansas",122274,*****
0500000US05143,5143,"Washington County, Arkansas",195803,*****
0500000US05145,5145,"White County, Arkansas",74845,*****
0500000US06001,6001,"Alameda County, California",1474368,*****
0500000US06007,6007,"Butte County, California",220337,*****
0500000US06013,6013,"Contra Costa County, California",1029703,*****
0500000US06017,6017,"El Dorado County, California",176075,*****
0500000US06019,6019,"Fresno County, California",909153,*****
0500000US06023,6023,"Humboldt County, California",129000,*****
0500000US06025,6025,"Imperial County, California",163972,*****
0500000US06029,6029,"Kern County, California",800458,*****
0500000US06031,6031,"Kings County, California",149518,*****
0500000US06033,6033,"Lake County, California",64866,*****
0500000US06037,6037,"Los Angeles County, California",9862049,*****
0500000US06039,6039,"Madera County, California",148333,*****
0500000US06041,6041,"Marin County, California",248794,*****
0500000US06045,6045,"Mendocino County, California",86221,*****
0500000US06047,6047,"Merced County, California",246117,*****
0500000US06053,6053,"Monterey County, California",408238,*****
0500000US06055,6055,"Napa County, California",133433,*****
0500000US06057,6057,"Nevada County, California",97118,*****
0500000US06059,6059,"Orange County, California",3010759,*****
0500000US06061,6061,"Placer County, California",341945,*****
0500000US06065,6065,"Riverside County, California",2100516,*****
0500000US06067,6067,"Sacramento County, California",1394154,*****
0500000US06071,6071,"San Bernardino County, California",2015355,*****
0500000US06073,6073,"San Diego County, California",3001072,*****
0500000US06075,6075,"San Francisco County, California",808976,*****
0500000US06077,6077,"San Joaquin County, California",672388,*****
0500000US06079,6079,"San Luis Obispo County, California",265297,*****
0500000US06081,6081,"San Mateo County, California",712690,*****
0500000US06083,6083,"Santa Barbara County, California",405396,*****
0500000US06085,6085,"Santa Clara County, California",1764499,*****
0500000US06087,6087,"Santa Cruz County, California",253137,*****
0500000US06089,6089,"Shasta County, California",180214,*****
0500000US06095,6095,"Solano County, California",407515,*****
0500000US06097,6097,"Sonoma County, California",466741,*****
0500000US06099,6099,"Stanislaus County, California",510694,*****
0500000US06101,6101,"Sutter County, California",92207,*****
0500000US06107,6107,"Tulare County, California",426276,*****
0500000US06111,6111,"Ventura County, California",797740,*****
0500000US06113,6113,"Yolo County, California",197658,*****
0500000US06115,6115,"Yuba County, California",73067,*****
0500000US08001,8001,"Adams County, Colorado",430836,*****
0500000US08005,8005,"Arapahoe County, Colorado",554282,*****
0500000US08013,8013,"Boulder County, Colorado",293161,*****
0500000US08031,8031,"Denver County, Colorado",598707,*****
0500000US08035,8035,"Douglas County, Colorado",280621,*****
0500000US08041,8041,"El Paso County, Colorado",596053,*****
0500000US08059,8059,"Jefferson County, Colorado",533339,*****
0500000US08069,8069,"Larimer County, Colorado",292825,*****
0500000US08077,8077,"Mesa County, Colorado",143171,*****
0500000US08101,8101,"Pueblo County, Colorado",156737,*****
0500000US08123,8123,"Weld County, Colorado",249775,*****
0500000US09001,9001,"Fairfield County, Connecticut",895030,*****
0500000US09003,9003,"Hartford County, Connecticut",877312,*****
0500000US09005,9005,"Litchfield County, Connecticut",187745,*****
0500000US09007,9007,"Middlesex County, Connecticut",164794,*****
0500000US09009,9009,"New Haven County, Connecticut",846101,*****
0500000US09011,9011,"New London County, Connecticut",264519,*****
0500000US09013,9013,"Tolland County, Connecticut",148406,*****
0500000US09015,9015,"Windham County, Connecticut",117345,*****
0500000US10001,10001,"Kent County, Delaware",155415,*****
0500000US10003,10003,"New Castle County, Delaware",529641,*****
0500000US10005,10005,"Sussex County, Delaware",188036,*****
0500000US11001,11001,"District of Columbia, District of Columbia",591833,*****
0500000US12001,12001,"Alachua County, Florida",241364,*****
0500000US12005,12005,"Bay County, Florida",163946,*****
0500000US12009,12009,"Brevard County, Florida",536521,*****
0500000US12011,12011,"Broward County, Florida",1751234,*****
0500000US12015,12015,"Charlotte County, Florida",150060,*****
0500000US12017,12017,"Citrus County, Florida",141416,*****
0500000US12019,12019,"Clay County, Florida",184727,*****
0500000US12021,12021,"Collier County, Florida",315258,*****
0500000US12023,12023,"Columbia County, Florida",72124,6721
0500000US12031,12031,"Duval County, Florida",850962,*****
0500000US12033,12033,"Escambia County, Florida",302939,*****
0500000US12035,12035,"Flagler County, Florida",91247,*****
0500000US12053,12053,"Hernando County, Florida",171689,*****
0500000US12055,12055,"Highlands County, Florida",100011,*****
0500000US12057,12057,"Hillsborough County, Florida",1180784,*****
0500000US12061,12061,"Indian River County, Florida",132315,*****
0500000US12069,12069,"Lake County, Florida",307243,*****
0500000US12071,12071,"Lee County, Florida",593136,*****
0500000US12073,12073,"Leon County, Florida",264063,*****
0500000US12081,12081,"Manatee County, Florida",315766,*****
0500000US12083,12083,"Marion County, Florida",329628,*****
0500000US12085,12085,"Martin County, Florida",138660,*****
0500000US12086,12086,"Miami-Dade County, Florida",2398245,*****
0500000US12087,12087,"Monroe County, Florida",72243,*****
0500000US12089,12089,"Nassau County, Florida",69835,*****
0500000US12091,12091,"Okaloosa County, Florida",179693,*****
0500000US12095,12095,"Orange County, Florida",1072801,*****
0500000US12097,12097,"Osceola County, Florida",263676,*****
0500000US12099,12099,"Palm Beach County, Florida",1265293,*****
0500000US12101,12101,"Pasco County, Florida",471028,*****
0500000US12103,12103,"Pinellas County, Florida",910260,*****
0500000US12105,12105,"Polk County, Florida",580594,*****
0500000US12107,12107,"Putnam County, Florida",73459,*****
0500000US12109,12109,"St. Johns County, Florida",181540,*****
0500000US12111,12111,"St. Lucie County, Florida",265108,*****
0500000US12113,12113,"Santa Rosa County, Florida",150053,*****
0500000US12115,12115,"Sarasota County, Florida",372057,*****
0500000US12117,12117,"Seminole County, Florida",410854,*****
0500000US12119,12119,"Sumter County, Florida",74721,*****
0500000US12127,12127,"Volusia County, Florida",498036,*****
0500000US13013,13013,"Barrow County, Georgia",64349,4965
0500000US13015,13015,"Bartow County, Georgia",94913,*****
0500000US13021,13021,"Bibb County, Georgia",155216,*****
0500000US13031,13031,"Bulloch County, Georgia",67761,*****
0500000US13045,13045,"Carroll County, Georgia",113688,*****
0500000US13051,13051,"Chatham County, Georgia",251120,*****
0500000US13057,13057,"Cherokee County, Georgia",210529,*****
0500000US13059,13059,"Clarke County, Georgia",114737,*****
0500000US13063,13063,"Clayton County, Georgia",273718,*****
0500000US13067,13067,"Cobb County, Georgia",698158,*****
0500000US13073,13073,"Columbia County, Georgia",110627,*****
0500000US13077,13077,"Coweta County, Georgia",122924,*****
0500000US13089,13089,"DeKalb County, Georgia",739956,*****
0500000US13095,13095,"Dougherty County, Georgia",95754,*****
0500000US13097,13097,"Douglas County, Georgia",127932,*****
0500000US13113,13113,"Fayette County, Georgia",106465,*****
0500000US13115,13115,"Floyd County, Georgia",95980,*****
0500000US13117,13117,"Forsyth County, Georgia",168060,*****
0500000US13121,13121,"Fulton County, Georgia",1014932,*****
0500000US13127,13127,"Glynn County, Georgia",75884,*****
0500000US13135,13135,"Gwinnett County, Georgia",789499,*****
0500000US13139,13139,"Hall County, Georgia",184814,*****
0500000US13151,13151,"Henry County, Georgia",191502,*****
0500000US13153,13153,"Houston County, Georgia",133161,*****
0500000US13185,13185,"Lowndes County, Georgia",104583,*****
0500000US13215,13215,"Muscogee County, Georgia",186984,*****
0500000US13217,13217,"Newton County, Georgia",98542,*****
0500000US13223,13223,"Paulding County, Georgia",133135,*****
0500000US13245,13245,"Richmond County, Georgia",199486,*****
0500000US13247,13247,"Rockdale County, Georgia",83222,*****
0500000US13297,13297,"Walton County, Georgia",85813,*****
0500000US13313,13313,"Whitfield County, Georgia",93835,*****
0500000US15001,15001,"Hawaii County, Hawaii",175784,*****
0500000US15003,15003,"Honolulu County, Hawaii",905034,*****
0500000US15009,15009,"Maui County, Hawaii",143641,50
0500000US16001,16001,"Ada County, Idaho",380920,*****
0500000US16005,16005,"Bannock County, Idaho",80812,*****
0500000US16019,16019,"Bonneville County, Idaho",99135,*****
0500000US16027,16027,"Canyon County, Idaho",183939,*****
0500000US16055,16055,"Kootenai County, Idaho",137475,*****
0500000US16083,16083,"Twin Falls County, Idaho",75613,3711
0500000US17001,17001,"Adams County, Illinois",66897,*****
0500000US17019,17019,"Champaign County, Illinois",193636,*****
0500000US17031,17031,"Cook County, Illinois",5294664,*****
0500000US17037,17037,"DeKalb County, Illinois",106321,*****
0500000US17043,17043,"DuPage County, Illinois",930528,*****
0500000US17089,17089,"Kane County, Illinois",507579,*****
0500000US17091,17091,"Kankakee County, Illinois",112524,*****
0500000US17093,17093,"Kendall County, Illinois",103460,*****
0500000US17097,17097,"Lake County, Illinois",712453,*****
0500000US17099,17099,"LaSalle County, Illinois",112474,*****
0500000US17111,17111,"McHenry County, Illinois",318641,*****
0500000US17113,17113,"McLean County, Illinois",165298,*****
0500000US17115,17115,"Macon County, Illinois",108328,*****
0500000US17119,17119,"Madison County, Illinois",268078,*****
0500000US17143,17143,"Peoria County, Illinois",183655,*****
0500000US17161,17161,"Rock Island County, Illinois",146886,*****
0500000US17163,17163,"St. Clair County, Illinois",262291,*****
0500000US17167,17167,"Sangamon County, Illinois",194925,*****
0500000US17179,17179,"Tazewell County, Illinois",131524,*****
0500000US17183,17183,"Vermilion County, Illinois",80680,*****
0500000US17197,17197,"Will County, Illinois",681097,*****
0500000US17201,17201,"Winnebago County, Illinois",300252,*****
0500000US18003,18003,"Allen County, Indiana",350523,*****
0500000US18005,18005,"Bartholomew County, Indiana",75360,*****
0500000US18019,18019,"Clark County, Indiana",106673,*****
0500000US18035,18035,"Delaware County, Indiana",114685,*****
0500000US18039,18039,"Elkhart County, Indiana",199137,*****
0500000US18043,18043,"Floyd County, Indiana",73780,*****
0500000US18053,18053,"Grant County, Indiana",68609,*****
0500000US18057,18057,"Hamilton County, Indiana",269785,*****
0500000US18059,18059,"Hancock County, Indiana",67282,*****
0500000US18063,18063,"Hendricks County, Indiana",137240,*****
0500000US18067,18067,"Howard County, Indiana",83381,*****
0500000US18081,18081,"Johnson County, Indiana",139158,*****
0500000US18085,18085,"Kosciusko County, Indiana",76275,*****
0500000US18089,18089,"Lake County, Indiana",493800,*****
0500000US18091,18091,"LaPorte County, Indiana",110888,*****
0500000US18095,18095,"Madison County, Indiana",131501,*****
0500000US18097,18097,"Marion County, Indiana",880380,*****
0500000US18105,18105,"Monroe County, Indiana",128992,*****
0500000US18109,18109,"Morgan County, Indiana",70668,*****
0500000US18127,18127,"Porter County, Indiana",162181,*****
0500000US18141,18141,"St. Joseph County, Indiana",266680,*****
0500000US18157,18157,"Tippecanoe County, Indiana",164237,*****
0500000US18163,18163,"Vanderburgh County, Indiana",174729,*****
0500000US18167,18167,"Vigo County, Indiana",105968,*****
0500000US18177,18177,"Wayne County, Indiana",67795,*****
0500000US19013,19013,"Black Hawk County, Iowa",128347,*****
0500000US19061,19061,"Dubuque County, Iowa",92724,*****
0500000US19103,19103,"Johnson County, Iowa",128094,*****
0500000US19113,19113,"Linn County, Iowa",208574,*****
0500000US19153,19153,"Polk County, Iowa",424778,*****
0500000US19155,19155,"Pottawattamie County, Iowa",89647,*****
0500000US19163,19163,"Scott County, Iowa",164690,*****
0500000US19169,19169,"Story County, Iowa",86754,*****
0500000US19193,19193,"Woodbury County, Iowa",102559,*****
0500000US20045,20045,"Douglas County, Kansas",114748,*****
0500000US20091,20091,"Johnson County, Kansas",534093,*****
0500000US20103,20103,"Leavenworth County, Kansas",75946,2325
0500000US20161,20161,"Riley County, Kansas",71069,*****
0500000US20173,20173,"Sedgwick County, Kansas",482863,*****
0500000US20177,20177,"Shawnee County, Kansas",174709,*****
0500000US20209,20209,"Wyandotte County, Kansas",154287,*****
0500000US21015,21015,"Boone County, Kentucky",115231,*****
0500000US21029,21029,"Bullitt County, Kentucky",75028,*****
0500000US21037,21037,"Campbell County, Kentucky",87038,*****
0500000US21047,21047,"Christian County, Kentucky",79820,*****
0500000US21059,21059,"Daviess County, Kentucky",94418,*****
0500000US21067,21067,"Fayette County, Kentucky",282114,*****
0500000US21093,21093,"Hardin County, Kentucky",98546,*****
0500000US21111,21111,"Jefferson County, Kentucky",713877,*****
0500000US21117,21117,"Kenton County, Kentucky",157629,*****
0500000US21145,21145,"McCracken County, Kentucky",65109,*****
0500000US21151,21151,"Madison County, Kentucky",82192,*****
0500000US21195,21195,"Pike County, Kentucky",65331,*****
0500000US21227,21227,"Warren County, Kentucky",105862,*****
0500000US22005,22005,"Ascension Parish, Louisiana",101789,*****
0500000US22015,22015,"Bossier Parish, Louisiana",110250,*****
0500000US22017,22017,"Caddo Parish, Louisiana",252895,*****
0500000US22019,22019,"Calcasieu Parish, Louisiana",185618,*****
0500000US22033,22033,"East Baton Rouge Parish, Louisiana",428360,*****
0500000US22045,22045,"Iberia Parish, Louisiana",75097,*****
0500000US22051,22051,"Jefferson Parish, Louisiana",436181,*****
0500000US22055,22055,"Lafayette Parish, Louisiana",206976,*****
0500000US22057,22057,"Lafourche Parish, Louisiana",92572,*****
0500000US22063,22063,"Livingston Parish, Louisiana",120256,*****
0500000US22071,22071,"Orleans Parish, Louisiana",311853,*****
0500000US22073,22073,"Ouachita Parish, Louisiana",150051,*****
0500000US22079,22079,"Rapides Parish, Louisiana",133131,*****
0500000US22097,22097,"St. Landry Parish, Louisiana",92173,*****
0500000US22103,22103,"St. Tammany Parish, Louisiana",228456,*****
0500000US22105,22105,"Tangipahoa Parish, Louisiana",117001,*****
0500000US22109,22109,"Terrebonne Parish, Louisiana",108576,*****
0500000US23001,23001,"Androscoggin County, Maine",106877,*****
0500000US23003,23003,"Aroostook County, Maine",71676,*****
0500000US23005,23005,"Cumberland County, Maine",276047,*****
0500000US23011,23011,"Kennebec County, Maine",120959,*****
0500000US23019,23019,"Penobscot County, Maine",148651,*****
0500000US23031,23031,"York County, Maine",201686,*****
0500000US24001,24001,"Allegany County, Maryland",72238,*****
0500000US24003,24003,"Anne Arundel County, Maryland",512790,*****
0500000US24005,24005,"Baltimore County, Maryland",785618,*****
0500000US24009,24009,"Calvert County, Maryland",88698,*****
0500000US24013,24013,"Carroll County, Maryland",169353,*****
0500000US24015,24015,"Cecil County, Maryland",99926,*****
0500000US24017,24017,"Charles County, Maryland",140764,*****
0500000US24021,24021,"Frederick County, Maryland",225721,*****
0500000US24025,24025,"Harford County, Maryland",240351,*****
0500000US24027,24027,"Howard County, Maryland",274995,*****
0500000US24031,24031,"Montgomery County, Maryland",950680,*****
0500000US24033,24033,"Prince George's County, Maryland",820852,*****
0500000US24037,24037,"St. Mary's County, Maryland",101578,*****
0500000US24043,24043,"Washington County, Maryland",145384,*****
0500000US24045,24045,"Wicomico County, Maryland",94046,*****
0500000US24510,24510,"Baltimore city, Maryland",636919,*****
0500000US25001,25001,"Barnstable County, Massachusetts",221049,*****
0500000US25003,25003,"Berkshire County, Massachusetts",129395,*****
0500000US25005,25005,"Bristol County, Massachusetts",545823,*****
0500000US25009,25009,"Essex County, Massachusetts",736457,*****
0500000US25011,25011,"Franklin County, Massachusetts",71735,*****
0500000US25013,25013,"Hampden County, Massachusetts",460840,*****
0500000US25015,25015,"Hampshire County, Massachusetts",154983,*****
0500000US25017,25017,"Middlesex County, Massachusetts",1482478,*****
0500000US25021,25021,"Norfolk County, Massachusetts",659909,*****
0500000US25023,25023,"Plymouth County, Massachusetts",492066,*****
0500000US25025,25025,"Suffolk County, Massachusetts",732684,*****
0500000US25027,25027,"Worcester County, Massachusetts",783806,*****
0500000US26005,26005,"Allegan County, Michigan",112975,*****
0500000US26017,26017,"Bay County, Michigan",107495,*****
0500000US26021,26021,"Berrien County, Michigan",159481,*****
0500000US26025,26025,"Calhoun County, Michigan",135861,*****
0500000US26037,26037,"Clinton County, Michigan",69726,*****
0500000US26045,26045,"Eaton County, Michigan",106781,*****
0500000US26049,26049,"Genesee County, Michigan",428790,*****
0500000US26055,26055,"Grand Traverse County, Michigan",86071,*****
0500000US26065,26065,"Ingham County, Michigan",277528,*****
0500000US26073,26073,"Isabella County, Michigan",66778,*****
0500000US26075,26075,"Jackson County, Michigan",160180,*****
0500000US26077,26077,"Kalamazoo County, Michigan",245912,*****
0500000US26081,26081,"Kent County, Michigan",605213,*****
0500000US26087,26087,"Lapeer County, Michigan",90875,*****
0500000US26091,26091,"Lenawee County, Michigan",100801,*****
0500000US26093,26093,"Livingston County, Michigan",182575,*****
0500000US26099,26099,"Macomb County, Michigan",830663,*****
0500000US26103,26103,"Marquette County, Michigan",65492,*****
0500000US26111,26111,"Midland County, Michigan",82605,*****
0500000US26115,26115,"Monroe County, Michigan",152949,*****
0500000US26121,26121,"Muskegon County, Michigan",174344,*****
0500000US26125,26125,"Oakland County, Michigan",1202174,*****
0500000US26139,26139,"Ottawa County, Michigan",260364,*****
0500000US26145,26145,"Saginaw County, Michigan",200745,*****
0500000US26147,26147,"St. Clair County, Michigan",168894,*****
0500000US26155,26155,"Shiawassee County, Michigan",70880,*****
0500000US26159,26159,"Van Buren County, Michigan",77801,*****
0500000US26161,26161,"Washtenaw County, Michigan",347376,*****
0500000US26163,26163,"Wayne County, Michigan",1949929,*****
0500000US27003,27003,"Anoka County, Minnesota",327090,*****
0500000US27019,27019,"Carver County, Minnesota",90043,*****
0500000US27037,27037,"Dakota County, Minnesota",392755,*****
0500000US27053,27053,"Hennepin County, Minnesota",1140988,*****
0500000US27109,27109,"Olmsted County, Minnesota",141360,*****
0500000US27123,27123,"Ramsey County, Minnesota",501428,*****
0500000US27137,27137,"St. Louis County, Minnesota",196864,*****
0500000US27139,27139,"Scott County, Minnesota",128937,*****
0500000US27141,27141,"Sherburne County, Minnesota",87660,*****
0500000US27145,27145,"Stearns County, Minnesota",147076,*****
0500000US27163,27163,"Washington County, Minnesota",229173,*****
0500000US27171,27171,"Wright County, Minnesota",119701,*****
0500000US28033,28033,"DeSoto County, Mississippi",154748,*****
0500000US28035,28035,"Forrest County, Mississippi",79425,*****
0500000US28047,28047,"Harrison County, Mississippi",178460,*****
0500000US28049,28049,"Hinds County, Mississippi",247650,*****
0500000US28059,28059,"Jackson County, Mississippi",130694,*****
0500000US28067,28067,"Jones County, Mississippi",67764,4229
0500000US28075,28075,"Lauderdale County, Mississippi",78180,*****
0500000US28081,28081,"Lee County, Mississippi",81139,*****
0500000US28089,28089,"Madison County, Mississippi",91369,*****
0500000US28121,28121,"Rankin County, Mississippi",140901,*****
0500000US29019,29019,"Boone County, Missouri",154365,*****
0500000US29021,29021,"Buchanan County, Missouri",89408,*****
0500000US29031,29031,"Cape Girardeau County, Missouri",73243,*****
0500000US29037,29037,"Cass County, Missouri",98429,*****
0500000US29043,29043,"Christian County, Missouri",75479,*****
0500000US29047,29047,"Clay County, Missouri",215707,*****
0500000US29051,29051,"Cole County, Missouri",74313,*****
0500000US29071,29071,"Franklin County, Missouri",100898,*****
0500000US29077,29077,"Greene County, Missouri",266944,*****
0500000US29095,29095,"Jackson County, Missouri",668417,*****
0500000US29097,29097,"Jasper County, Missouri",116813,*****
0500000US29099,29099,"Jefferson County, Missouri",217679,*****
0500000US29165,29165,"Platte County, Missouri",85896,*****
0500000US29183,29183,"St. Charles County, Missouri",349407,*****
0500000US29189,29189,"St. Louis County, Missouri",991830,*****
0500000US29510,29510,"St. Louis city, Missouri",354361,*****
0500000US30013,30013,"Cascade County, Montana",82026,*****
0500000US30029,30029,"Flathead County, Montana",88473,*****
0500000US30031,30031,"Gallatin County, Montana",91791,2819
0500000US30063,30063,"Missoula County, Montana",107320,*****
0500000US30111,30111,"Yellowstone County, Montana",142348,*****
0500000US31055,31055,"Douglas County, Nebraska",502032,*****
0500000US31109,31109,"Lancaster County, Nebraska",278728,*****
0500000US31153,31153,"Sarpy County, Nebraska",150467,*****
0500000US32003,32003,"Clark County, Nevada",1865746,*****
0500000US32031,32031,"Washoe County, Nevada",410443,*****
0500000US33005,33005,"Cheshire County, New Hampshire",77170,*****
0500000US33009,33009,"Grafton County, New Hampshire",85921,*****
0500000US33011,33011,"Hillsborough County, New Hampshire",402042,*****
0500000US33013,33013,"Merrimack County, New Hampshire",148161,*****
0500000US33015,33015,"Rockingham County, New Hampshire",297350,*****
0500000US33017,33017,"Strafford County, New Hampshire",121914,*****
0500000US34001,34001,"Atlantic County, New Jersey",270681,*****
0500000US34003,34003,"Bergen County, New Jersey",894840,*****
0500000US34005,34005,"Burlington County, New Jersey",445475,*****
0500000US34007,34007,"Camden County, New Jersey",517234,*****
0500000US34009,34009,"Cape May County, New Jersey",95838,*****
0500000US34011,34011,"Cumberland County, New Jersey",156830,*****
0500000US34013,34013,"Essex County, New Jersey",770675,*****
0500000US34015,34015,"Gloucester County, New Jersey",287860,*****
0500000US34017,34017,"Hudson County, New Jersey",595419,*****
0500000US34019,34019,"Hunterdon County, New Jersey",129031,*****
0500000US34021,34021,"Mercer County, New Jersey",364883,*****
0500000US34023,34023,"Middlesex County, New Jersey",789102,*****
0500000US34025,34025,"Monmouth County, New Jersey",642448,*****
0500000US34027,34027,"Morris County, New Jersey",487548,*****
0500000US34029,34029,"Ocean County, New Jersey",569111,*****
0500000US34031,34031,"Passaic County, New Jersey",490948,*****
0500000US34033,34033,"Salem County, New Jersey",66141,*****
0500000US34035,34035,"Somerset County, New Jersey",324563,*****
0500000US34037,34037,"Sussex County, New Jersey",150909,*****
0500000US34039,34039,"Union County, New Jersey",523249,*****
0500000US34041,34041,"Warren County, New Jersey",109876,*****
0500000US35001,35001,"Bernalillo County, New Mexico",635139,*****
0500000US35013,35013,"Dona Ana County, New Mexico",201603,*****
0500000US35031,35031,"McKinley County, New Mexico",70724,*****
0500000US35043,35043,"Sandoval County, New Mexico",122298,*****
0500000US35045,35045,"San Juan County, New Mexico",122500,*****
0500000US35049,35049,"Santa Fe County, New Mexico",143937,*****
0500000US35061,35061,"Valencia County, New Mexico",67893,2768
0500000US36001,36001,"Albany County, New York",298130,*****
0500000US36005,36005,"Bronx County, New York",1391903,*****
0500000US36007,36007,"Broome County, New York",195018,*****
0500000US36009,36009,"Cattaraugus County, New York",79688,*****
0500000US36011,36011,"Cayuga County, New York",79823,*****
0500000US36013,36013,"Chautauqua County, New York",133789,*****
0500000US36015,36015,"Chemung County, New York",87813,*****
0500000US36019,36019,"Clinton County, New York",81947,*****
0500000US36027,36027,"Dutchess County, New York",292878,*****
0500000US36029,36029,"Erie County, New York",909845,*****
0500000US36045,36045,"Jefferson County, New York",118046,*****
0500000US36047,36047,"Kings County, New York",2556598,*****
0500000US36053,36053,"Madison County, New York",69766,*****
0500000US36055,36055,"Monroe County, New York",732762,*****
0500000US36059,36059,"Nassau County, New York",1351625,*****
0500000US36061,36061,"New York County, New York",1634795,*****
0500000US36063,36063,"Niagara County, New York",214464,*****
0500000US36065,36065,"Oneida County, New York",231590,*****
0500000US36067,36067,"Onondaga County, New York",452633,*****
0500000US36069,36069,"Ontario County, New York",104475,*****
0500000US36071,36071,"Orange County, New York",379647,*****
0500000US36075,36075,"Oswego County, New York",121395,*****
0500000US36079,36079,"Putnam County, New York",99244,*****
0500000US36081,36081,"Queens County, New York",2293007,*****
0500000US36083,36083,"Rensselaer County, New York",155261,*****
0500000US36085,36085,"Richmond County, New York",487407,*****
0500000US36087,36087,"Rockland County, New York",298545,*****
0500000US36089,36089,"St. Lawrence County, New York",109701,*****
0500000US36091,36091,"Saratoga County, New York",217191,*****
0500000US36093,36093,"Schenectady County, New York",151427,*****
0500000US36101,36101,"Steuben County, New York",96573,*****
0500000US36103,36103,"Suffolk County, New York",1512224,*****
0500000US36105,36105,"Sullivan County, New York",76189,*****
0500000US36109,36109,"Tompkins County, New York",101136,*****
0500000US36111,36111,"Ulster County, New York",181670,*****
0500000US36113,36113,"Warren County, New York",65971,*****
0500000US36117,36117,"Wayne County, New York",91564,*****
0500000US36119,36119,"Westchester County, New York",953943,*****
0500000US37001,37001,"Alamance County, North Carolina",148053,*****
0500000US37019,37019,"Brunswick County, North Carolina",103160,*****
0500000US37021,37021,"Buncombe County, North Carolina",229047,*****
0500000US37023,37023,"Burke County, North Carolina",89361,*****
0500000US37025,37025,"Cabarrus County, North Carolina",168740,*****
0500000US37027,37027,"Caldwell County, North Carolina",80059,*****
0500000US37035,37035,"Catawba County, North Carolina",157079,*****
0500000US37045,37045,"Cleveland County, North Carolina",99015,*****
0500000US37049,37049,"Craven County, North Carolina",96892,*****
0500000US37051,37051,"Cumberland County, North Carolina",312696,*****
0500000US37057,37057,"Davidson County, North Carolina",158166,*****
0500000US37063,37063,"Durham County, North Carolina",262715,*****
0500000US37067,37067,"Forsyth County, North Carolina",343028,*****
0500000US37071,37071,"Gaston County, North Carolina",206679,*****
0500000US37081,37081,"Guilford County, North Carolina",472216,*****
0500000US37085,37085,"Harnett County, North Carolina",112030,*****
0500000US37089,37089,"Henderson County, North Carolina",102367,*****
0500000US37097,37097,"Iredell County, North Carolina",155359,*****
0500000US37101,37101,"Johnston County, North Carolina",163428,*****
0500000US37109,37109,"Lincoln County, North Carolina",74746,*****
0500000US37119,37119,"Mecklenburg County, North Carolina",890515,*****
0500000US37125,37125,"Moore County, North Carolina",85608,*****
0500000US37127,37127,"Nash County, North Carolina",93674,*****
0500000US37129,37129,"New Hanover County, North Carolina",192538,*****
0500000US37133,37133,"Onslow County, North Carolina",165938,*****
0500000US37135,37135,"Orange County, North Carolina",126532,*****
0500000US37147,37147,"Pitt County, North Carolina",156081,*****
0500000US37151,37151,"Randolph County, North Carolina",141186,*****
0500000US37155,37155,"Robeson County, North Carolina",129123,*****
0500000US37157,37157,"Rockingham County, North Carolina",92282,*****
0500000US37159,37159,"Rowan County, North Carolina",139225,*****
0500000US37171,37171,"Surry County, North Carolina",72468,*****
0500000US37179,37179,"Union County, North Carolina",193255,*****
0500000US37183,37183,"Wake County, North Carolina",866410,*****
0500000US37191,37191,"Wayne County, North Carolina",113671,*****
0500000US37193,37193,"Wilkes County, North Carolina",66655,*****
0500000US37195,37195,"Wilson County, North Carolina",77527,*****
0500000US38015,38015,"Burleigh County, North Dakota",78689,*****
0500000US38017,38017,"Cass County, North Dakota",139918,*****
0500000US38035,38035,"Grand Forks County, North Dakota",66585,*****
0500000US39003,39003,"Allen County, Ohio",105168,*****
0500000US39007,39007,"Ashtabula County, Ohio",100648,*****
0500000US39013,39013,"Belmont County, Ohio",67975,*****
0500000US39017,39017,"Butler County, Ohio",360765,*****
0500000US39023,39023,"Clark County, Ohio",139859,*****
0500000US39025,39025,"Clermont County, Ohio",195385,*****
0500000US39029,39029,"Columbiana County, Ohio",107873,*****
0500000US39035,39035,"Cuyahoga County, Ohio",1283925,*****
0500000US39041,39041,"Delaware County, Ohio",165026,*****
0500000US39043,39043,"Erie County, Ohio",77062,*****
0500000US39045,39045,"Fairfield County, Ohio",142223,*****
0500000US39049,39049,"Franklin County, Ohio",1129067,*****
0500000US39055,39055,"Geauga County, Ohio",94753,*****
0500000US39057,39057,"Greene County, Ohio",159190,*****
0500000US39061,39061,"Hamilton County, Ohio",851494,*****
0500000US39063,39063,"Hancock County, Ohio",74273,*****
0500000US39081,39081,"Jefferson County, Ohio",68526,*****
0500000US39085,39085,"Lake County, Ohio",234030,*****
0500000US39089,39089,"Licking County, Ohio",157721,*****
0500000US39093,39093,"Lorain County, Ohio",304373,*****
0500000US39095,39095,"Lucas County, Ohio",440456,*****
0500000US39099,39099,"Mahoning County, Ohio",237978,*****
0500000US39101,39101,"Marion County, Ohio",65768,*****
0500000US39103,39103,"Medina County, Ohio",171210,*****
0500000US39109,39109,"Miami County, Ohio",101085,*****
0500000US39113,39113,"Montgomery County, Ohio",534626,*****
0500000US39119,39119,"Muskingum County, Ohio",85087,*****
0500000US39133,39133,"Portage County, Ohio",155991,*****
0500000US39139,39139,"Richland County, Ohio",124999,*****
0500000US39141,39141,"Ross County, Ohio",76073,*****
0500000US39145,39145,"Scioto County, Ohio",76587,*****
0500000US39151,39151,"Stark County, Ohio",379214,*****
0500000US39153,39153,"Summit County, Ohio",542562,*****
0500000US39155,39155,"Trumbull County, Ohio",211317,*****
0500000US39157,39157,"Tuscarawas County, Ohio",91348,*****
0500000US39165,39165,"Warren County, Ohio",207353,*****
0500000US39169,39169,"Wayne County, Ohio",113812,*****
0500000US39173,39173,"Wood County, Ohio",125340,*****
0500000US40017,40017,"Canadian County, Oklahoma",106079,*****
0500000US40027,40027,"Cleveland County, Oklahoma",239760,*****
0500000US40031,40031,"Comanche County, Oklahoma",111772,*****
0500000US40037,40037,"Creek County, Oklahoma",69822,*****
0500000US40101,40101,"Muskogee County, Oklahoma",71278,*****
0500000US40109,40109,"Oklahoma County, Oklahoma",706617,*****
0500000US40119,40119,"Payne County, Oklahoma",78280,*****
0500000US40125,40125,"Pottawatomie County, Oklahoma",69616,*****
0500000US40131,40131,"Rogers County, Oklahoma",84300,*****
0500000US40143,40143,"Tulsa County, Oklahoma",591982,*****
0500000US40145,40145,"Wagoner County, Oklahoma",68960,*****
0500000US41003,41003,"Benton County, Oregon",81859,*****
0500000US41005,41005,"Clackamas County, Oregon",380576,*****
0500000US41017,41017,"Deschutes County, Oregon",158456,*****
0500000US41019,41019,"Douglas County, Oregon",104059,*****
0500000US41029,41029,"Jackson County, Oregon",201138,*****
0500000US41033,41033,"Josephine County, Oregon",81618,*****
0500000US41035,41035,"Klamath County, Oregon",64854,1738
0500000US41039,41039,"Lane County, Oregon",346560,*****
0500000US41043,41043,"Linn County, Oregon",115348,*****
0500000US41047,41047,"Marion County, Oregon",314606,*****
0500000US41051,41051,"Multnomah County, Oregon",714567,*****
0500000US41053,41053,"Polk County, Oregon",77074,*****
0500000US41059,41059,"Umatilla County, Oregon",73526,*****
0500000US41067,41067,"Washington County, Oregon",529216,*****
0500000US41071,41071,"Yamhill County, Oregon",98168,*****
0500000US42001,42001,"Adams County, Pennsylvania",101119,*****
0500000US42003,42003,"Allegheny County, Pennsylvania",1215103,*****
0500000US42005,42005,"Armstrong County, Pennsylvania",68790,*****
0500000US42007,42007,"Beaver County, Pennsylvania",172476,*****
0500000US42011,42011,"Berks County, Pennsylvania",403595,*****
0500000US42013,42013,"Blair County, Pennsylvania",125174,*****
0500000US42017,42017,"Bucks County, Pennsylvania",621643,*****
0500000US42019,42019,"Butler County, Pennsylvania",182902,*****
0500000US42021,42021,"Cambria County, Pennsylvania",144319,*****
0500000US42027,42027,"Centre County, Pennsylvania",144779,*****
0500000US42029,42029,"Chester County, Pennsylvania",491489,*****
0500000US42033,42033,"Clearfield County, Pennsylvania",82896,*****
0500000US42037,42037,"Columbia County, Pennsylvania",65004,*****
0500000US42039,42039,"Crawford County, Pennsylvania",88411,*****
0500000US42041,42041,"Cumberland County, Pennsylvania",229361,*****
0500000US42043,42043,"Dauphin County, Pennsylvania",256562,*****
0500000US42045,42045,"Delaware County, Pennsylvania",553619,*****
0500000US42049,42049,"Erie County, Pennsylvania",279175,*****
0500000US42051,42051,"Fayette County, Pennsylvania",143925,*****
0500000US42055,42055,"Franklin County, Pennsylvania",143495,*****
0500000US42063,42063,"Indiana County, Pennsylvania",87479,*****
0500000US42069,42069,"Lackawanna County, Pennsylvania",209408,*****
0500000US42071,42071,"Lancaster County, Pennsylvania",502370,*****
0500000US42073,42073,"Lawrence County, Pennsylvania",90272,*****
0500000US42075,42075,"Lebanon County, Pennsylvania",128934,*****
0500000US42077,42077,"Lehigh County, Pennsylvania",339989,*****
0500000US42079,42079,"Luzerne County, Pennsylvania",311983,*****
0500000US42081,42081,"Lycoming County, Pennsylvania",116670,*****
0500000US42085,42085,"Mercer County, Pennsylvania",116652,*****
0500000US42089,42089,"Monroe County, Pennsylvania",165058,*****
0500000US42091,42091,"Montgomery County, Pennsylvania",778048,*****
0500000US42095,42095,"Northampton County, Pennsylvania",294787,*****
0500000US42097,42097,"Northumberland County, Pennsylvania",91091,*****
0500000US42101,42101,"Philadelphia County, Pennsylvania",1447395,*****
0500000US42107,42107,"Schuylkill County, Pennsylvania",147254,*****
0500000US42111,42111,"Somerset County, Pennsylvania",77454,*****
0500000US42125,42125,"Washington County, Pennsylvania",206407,*****
0500000US42129,42129,"Westmoreland County, Pennsylvania",361589,*****
0500000US42133,42133,"York County, Pennsylvania",424583,*****
0500000US44003,44003,"Kent County, Rhode Island",168058,*****
0500000US44005,44005,"Newport County, Rhode Island",80478,*****
0500000US44007,44007,"Providence County, Rhode Island",626150,*****
0500000US44009,44009,"Washington County, Rhode Island",126264,*****
0500000US45003,45003,"Aiken County, South Carolina",154071,*****
0500000US45007,45007,"Anderson County, South Carolina",182825,*****
0500000US45013,45013,"Beaufort County, South Carolina",150415,*****
0500000US45015,45015,"Berkeley County, South Carolina",169327,*****
0500000US45019,45019,"Charleston County, South Carolina",348046,*****
0500000US45031,45031,"Darlington County, South Carolina",67031,*****
0500000US45035,45035,"Dorchester County, South Carolina",127133,*****
0500000US45041,45041,"Florence County, South Carolina",132800,*****
0500000US45045,45045,"Greenville County, South Carolina",438119,*****
0500000US45047,45047,"Greenwood County, South Carolina",68549,*****
0500000US45051,45051,"Horry County, South Carolina",257380,*****
0500000US45057,45057,"Lancaster County, South Carolina",75913,*****
0500000US45059,45059,"Laurens County, South Carolina",69681,*****
0500000US45063,45063,"Lexington County, South Carolina",248518,*****
0500000US45073,45073,"Oconee County, South Carolina",71274,*****
0500000US45075,45075,"Orangeburg County, South Carolina",90336,*****
0500000US45077,45077,"Pickens County, South Carolina",116915,*****
0500000US45079,45079,"Richland County, South Carolina",364001,*****
0500000US45083,45083,"Spartanburg County, South Carolina",280738,*****
0500000US45085,45085,"Sumter County, South Carolina",104148,*****
0500000US45091,45091,"York County, South Carolina",217448,*****
0500000US46099,46099,"Minnehaha County, South Dakota",179180,*****
0500000US46103,46103,"Pennington County, South Dakota",98533,*****
0500000US47001,47001,"Anderson County, Tennessee",74169,*****
0500000US47009,47009,"Blount County, Tennessee",121511,*****
0500000US47011,47011,"Bradley County, Tennessee",96472,*****
0500000US47037,47037,"Davidson County, Tennessee",626144,*****
0500000US47059,47059,"Greene County, Tennessee",66911,3178
0500000US47065,47065,"Hamilton County, Tennessee",332848,*****
0500000US47093,47093,"Knox County, Tennessee",430019,*****
0500000US47113,47113,"Madison County, Tennessee",96376,*****
0500000US47119,47119,"Maury County, Tennessee",81938,*****
0500000US47125,47125,"Montgomery County, Tennessee",154756,*****
0500000US47141,47141,"Putnam County, Tennessee",71160,*****
0500000US47149,47149,"Rutherford County, Tennessee",249270,*****
0500000US47155,47155,"Sevier County, Tennessee",84835,*****
0500000US47157,47157,"Shelby County, Tennessee",906825,*****
0500000US47163,47163,"Sullivan County, Tennessee",153900,*****
0500000US47165,47165,"Sumner County, Tennessee",155474,*****
0500000US47179,47179,"Washington County, Tennessee",118639,*****
0500000US47187,47187,"Williamson County, Tennessee",171452,*****
0500000US47189,47189,"Wilson County, Tennessee",109803,*****
0500000US48005,48005,"Angelina County, Texas",83038,*****
0500000US48021,48021,"Bastrop County, Texas",71776,4740
0500000US48027,48027,"Bell County, Texas",285084,*****
0500000US48029,48029,"Bexar County, Texas",1622899,*****
0500000US48037,48037,"Bowie County, Texas",92283,*****
0500000US48039,48039,"Brazoria County, Texas",301044,*****
0500000US48041,48041,"Brazos County, Texas",175122,*****
0500000US48061,48061,"Cameron County, Texas",392736,*****
0500000US48085,48085,"Collin County, Texas",762010,*****
0500000US48091,48091,"Comal County, Texas",109635,*****
0500000US48099,48099,"Coryell County, Texas",72654,*****
0500000US48113,48113,"Dallas County, Texas",2412827,*****
0500000US48121,48121,"Denton County, Texas",636557,*****
0500000US48135,48135,"Ector County, Texas",131941,*****
0500000US48139,48139,"Ellis County, Texas",148186,*****
0500000US48141,48141,"El Paso County, Texas",742062,*****
0500000US48157,48157,"Fort Bend County, Texas",532141,*****
0500000US48167,48167,"Galveston County, Texas",288239,*****
0500000US48181,48181,"Grayson County, Texas",118804,*****
0500000US48183,48183,"Gregg County, Texas",117528,*****
0500000US48187,48187,"Guadalupe County, Texas",117172,*****
0500000US48201,48201,"Harris County, Texas",3984349,*****
0500000US48209,48209,"Hays County, Texas",149476,*****
0500000US48213,48213,"Henderson County, Texas",78814,*****
0500000US48215,48215,"Hidalgo County, Texas",726604,*****
0500000US48231,48231,"Hunt County, Texas",82805,*****
0500000US48245,48245,"Jefferson County, Texas",243090,*****
0500000US48251,48251,"Johnson County, Texas",153630,*****
0500000US48257,48257,"Kaufman County, Texas",100527,*****
0500000US48291,48291,"Liberty County, Texas",75333,*****
0500000US48303,48303,"Lubbock County, Texas",264418,*****
0500000US48309,48309,"McLennan County, Texas",230213,*****
0500000US48329,48329,"Midland County, Texas",129494,*****
0500000US48339,48339,"Montgomery County, Texas",429953,*****
0500000US48355,48355,"Nueces County, Texas",322077,*****
0500000US48361,48361,"Orange County, Texas",83022,*****
0500000US48367,48367,"Parker County, Texas",111776,*****
0500000US48375,48375,"Potter County, Texas",120918,*****
0500000US48381,48381,"Randall County, Texas",114546,*****
0500000US48397,48397,"Rockwall County, Texas",77633,*****
0500000US48409,48409,"San Patricio County, Texas",68399,*****
0500000US48423,48423,"Smith County, Texas",201277,*****
0500000US48439,48439,"Tarrant County, Texas",1750091,*****
0500000US48441,48441,"Taylor County, Texas",126791,*****
0500000US48451,48451,"Tom Green County, Texas",107864,*****
0500000US48453,48453,"Travis County, Texas",998543,*****
0500000US48469,48469,"Victoria County, Texas",86755,*****
0500000US48479,48479,"Webb County, Texas",236941,*****
0500000US48485,48485,"Wichita County, Texas",127321,*****
0500000US48491,48491,"Williamson County, Texas",394193,*****
0500000US49005,49005,"Cache County, Utah",112616,*****
0500000US49011,49011,"Davis County, Utah",295332,*****
0500000US49035,49035,"Salt Lake County, Utah",1022651,*****
0500000US49049,49049,"Utah County, Utah",530837,*****
0500000US49053,49053,"Washington County, Utah",137589,*****
0500000US49057,49057,"Weber County, Utah",227487,*****
0500000US50007,50007,"Chittenden County, Vermont",152782,*****
0500000US51003,51003,"Albemarle County, Virginia",94075,*****
0500000US51013,51013,"Arlington County, Virginia",209969,*****
0500000US51015,51015,"Augusta County, Virginia",70634,2095
0500000US51019,51019,"Bedford County, Virginia",65805,3201
0500000US51041,51041,"Chesterfield County, Virginia",303469,*****
0500000US51059,51059,"Fairfax County, Virginia",1015302,*****
0500000US51061,51061,"Fauquier County, Virginia",66408,3148
0500000US51069,51069,"Frederick County, Virginia",73898,*****
0500000US51085,51085,"Hanover County, Virginia",99716,*****
0500000US51087,51087,"Henrico County, Virginia",292599,*****
0500000US51107,51107,"Loudoun County, Virginia",289995,*****
0500000US51121,51121,"Montgomery County, Virginia",89967,*****
0500000US51153,51153,"Prince William County, Virginia",364734,*****
0500000US51161,51161,"Roanoke County, Virginia",90867,*****
0500000US51165,51165,"Rockingham County, Virginia",74394,*****
0500000US51177,51177,"Spotsylvania County, Virginia",120031,*****
0500000US51179,51179,"Stafford County, Virginia",121736,*****
0500000US51510,51510,"Alexandria city, Virginia",143885,*****
0500000US51550,51550,"Chesapeake city, Virginia",220111,*****
0500000US51650,51650,"Hampton city, Virginia",145494,*****
0500000US51680,51680,"Lynchburg city, Virginia",73839,3139
0500000US51700,51700,"Newport News city, Virginia",179614,*****
0500000US51710,51710,"Norfolk city, Virginia",234220,*****
0500000US51740,51740,"Portsmouth city, Virginia",100577,*****
0500000US51760,51760,"Richmond city, Virginia",202002,*****
0500000US51770,51770,"Roanoke city, Virginia",92967,*****
0500000US51800,51800,"Suffolk city, Virginia",82302,*****
0500000US51810,51810,"Virginia Beach city, Virginia",433746,*****
0500000US53005,53005,"Benton County, Washington",163058,*****
0500000US53007,53007,"Chelan County, Washington",71540,*****
0500000US53009,53009,"Clallam County, Washington",71021,*****
0500000US53011,53011,"Clark County, Washington",424733,*****
0500000US53015,53015,"Cowlitz County, Washington",101254,*****
0500000US53021,53021,"Franklin County, Washington",72783,*****
0500000US53025,53025,"Grant County, Washington",84697,*****
0500000US53027,53027,"Grays Harbor County, Washington",71342,*****
0500000US53029,53029,"Island County, Washington",81424,*****
0500000US53033,53033,"King County, Washington",1875519,*****
0500000US53035,53035,"Kitsap County, Washington",239769,*****
0500000US53041,53041,"Lewis County, Washington",74132,*****
0500000US53053,53053,"Pierce County, Washington",785639,*****
0500000US53057,53057,"Skagit County, Washington",118000,*****
0500000US53061,53061,"Snohomish County, Washington",683655,*****
0500000US53063,53063,"Spokane County, Washington",462677,*****
0500000US53067,53067,"Thurston County, Washington",245181,*****
0500000US53073,53073,"Whatcom County, Washington",196529,*****
0500000US53077,53077,"Yakima County, Washington",234564,*****
0500000US54003,54003,"Berkeley County, West Virginia",102044,*****
0500000US54011,54011,"Cabell County, West Virginia",94631,*****
0500000US54033,54033,"Harrison County, West Virginia",68853,*****
0500000US54039,54039,"Kanawha County, West Virginia",191018,*****
0500000US54061,54061,"Monongalia County, West Virginia",88221,*****
0500000US54081,54081,"Raleigh County, West Virginia",79357,*****
0500000US54107,54107,"Wood County, West Virginia",86204,*****
0500000US55009,55009,"Brown County, Wisconsin",245018,*****
0500000US55025,55025,"Dane County, Wisconsin",482705,*****
0500000US55027,55027,"Dodge County, Wisconsin",87912,*****
0500000US55035,55035,"Eau Claire County, Wisconsin",98286,*****
0500000US55039,55039,"Fond du Lac County, Wisconsin",99453,*****
0500000US55055,55055,"Jefferson County, Wisconsin",80792,*****
0500000US55059,55059,"Kenosha County, Wisconsin",164465,*****
0500000US55063,55063,"La Crosse County, Wisconsin",112627,*****
0500000US55071,55071,"Manitowoc County, Wisconsin",80641,*****
0500000US55073,55073,"Marathon County, Wisconsin",130962,*****
0500000US55079,55079,"Milwaukee County, Wisconsin",953328,*****
0500000US55087,55087,"Outagamie County, Wisconsin",174993,*****
0500000US55089,55089,"Ozaukee County, Wisconsin",85874,*****
0500000US55097,55097,"Portage County, Wisconsin",68744,*****
0500000US55101,55101,"Racine County, Wisconsin",199510,*****
0500000US55105,55105,"Rock County, Wisconsin",160213,*****
0500000US55109,55109,"St. Croix County, Wisconsin",82487,*****
0500000US55117,55117,"Sheboygan County, Wisconsin",114561,*****
0500000US55127,55127,"Walworth County, Wisconsin",100749,*****
0500000US55131,55131,"Washington County, Wisconsin",129477,*****
0500000US55133,55133,"Waukesha County, Wisconsin",380629,*****
0500000US55139,55139,"Winnebago County, Wisconsin",162111,*****
0500000US55141,55141,"Wood County, Wisconsin",73756,*****
0500000US56021,56021,"Laramie County, Wyoming",87542,*****
0500000US56025,56025,"Natrona County, Wyoming",73129,*****