GEO.id,GEO.id2,GEO.display-label,HD01_VD01,HD02_VD01
Id,Id2,Geography,Estimate; Total,Margin of Error; Total
0100000US,,United States,307006556,*****
0400000US01,01,Alabama,4708708,*****
0400000US02,02,Alaska,698473,*****
0400000US04,04,Arizona,6595778,*****
0400000US05,05,Arkansas,2889450,*****
0400000US06,06,California,36961664,*****
0400000US08,08,Colorado,5024748,*****
0400000US09,09,Connecticut,3518288,*****
0400000US10,10,Delaware,885122,*****
0400000US11,11,District of Columbia,599657,*****
0400000US12,12,Florida,18537969,*****
0400000US13,13,Georgia,9829211,*****
0400000US15,15,Hawaii,1295178,*****
0400000US16,16,Idaho,1545801,*****
0400000US17,17,Illinois,12910409,*****
0400000US18,18,Indiana,6423113,*****
0400000US19,19,Iowa,3007857,*****
0400000US20,20,Kansas,2818747,*****
0400000US21,21,Kentucky,4314113,*****
0400000US22,22,Louisiana,4492076,*****
0400000US23,23,Maine,1318301,*****
0400000US24,24,Maryland,5699478,*****
0400000US25,25,Massachusetts,6593587,*****
0400000US26,26,Michigan,9969727,*****
0400000US27,27,Minnesota,5266215,*****
0400000US28,28,Mississippi,2951996,*****
0400000US29,29,Missouri,5987580,*****
0400000US30,30,Montana,974989,*****
0400000US31,31,Nebraska,1796622,*****
0400000US32,32,Nevada,2643085,*****
0400000US33,33,New Hampshire,1324575,*****
0400000US34,34,New Jersey,8707740,*****
0400000US35,35,New Mexico,2009671,*****
0400000US36,36,New York,19541453,*****
0400000US37,37,North Carolina,9380884,*****
0400000US38,38,North Dakota,646844,*****
0400000US39,39,Ohio,11542645,*****
0400000US40,40,Oklahoma,3687050,*****
0400000US41,41,Oregon,3825657,*****
0400000US42,42,Pennsylvania,12604767,*****
0400000US44,44,Rhode Island,1053209,*****
0400000US45,45,South Carolina,4561242,*****
0400000US46,46,South Dakota,812383,*****
0400000US47,47,Tennessee,6296254,*****
0400000US48,48,Texas,24782302,*****
0400000US49,49,Utah,2784572,*****
0400000US50,50,Vermont,621760,*****
0400000US51,51,Virginia,7882590,*****
0400000US53,53,Washington,6664195,*****
0400000US54,54,West Virginia,1819777,*****
0400000US55,55,Wisconsin,5654774,*****
0400000US56,56,Wyoming,544270,*****
0400000US72,72,Puerto Rico,3967288,*****
0500000US01003,01003,"Baldwin County, Alabama",179878,*****
0500000US01015,01015,"Calhoun County, Alabama",114081,*****
0500000US01043,01043,"Cullman County, Alabama",81778,*****
0500000US01049,01049,"DeKalb County, Alabama",69380,*****
0500000US01051,01051,"Elmore County, Alabama",79233,*****
0500000US01055,01055,"Etowah County, Alabama",103645,*****
0500000US01069,01069,"Houston County, Alabama",100085,*****
0500000US01073,01073,"Jefferson County, Alabama",665027,*****
0500000US01077,01077,"Lauderdale County, Alabama",89599,*****
0500000US01081,01081,"Lee County, Alabama",135883,*****
0500000US01083,01083,"Limestone County, Alabama",78572,*****
0500000US01089,01089,"Madison County, Alabama",327744,*****
0500000US01095,01095,"Marshall County, Alabama",90399,*****
0500000US01097,01097,"Mobile County, Alabama",411721,*****
0500000US01101,01101,"Montgomery County, Alabama",224119,*****
0500000US01103,01103,"Morgan County, Alabama",117293,*****
0500000US01115,01115,"St. Clair County, Alabama",81895,*****
0500000US01117,01117,"Shelby County, Alabama",192503,*****
0500000US01121,01121,"Talladega County, Alabama",80242,*****
0500000US01125,01125,"Tuscaloosa County, Alabama",184035,*****
0500000US01127,01127,"Walker County, Alabama",68742,*****
0500000US02020,02020,"Anchorage Municipality, Alaska",286174,*****
0500000US02090,02090,"Fairbanks North Star Borough, Alaska",98660,*****
0500000US02170,02170,"Matanuska-Susitna Borough, Alaska",88379,*****
0500000US04001,04001,"Apache County, Arizona",70591,*****
0500000US04003,04003,"Cochise County, Arizona",129518,*****
0500000US04005,04005,"Coconino County, Arizona",129849,*****
0500000US04013,04013,"Maricopa County, Arizona",4023132,*****
0500000US04015,04015,"Mohave County, Arizona",194825,*****
0500000US04017,04017,"Navajo County, Arizona",112975,*****
0500000US04019,04019,"Pima County, Arizona",1020200,*****
0500000US04021,04021,"Pinal County, Arizona",340962,*****
0500000US04025,04025,"Yavapai County, Arizona",215686,*****
0500000US04027,04027,"Yuma County, Arizona",196972,*****
0500000US05007,05007,"Benton County, Arkansas",225504,*****
0500000US05031,05031,"Craighead County, Arkansas",95457,*****
0500000US05045,05045,"Faulkner County, Arkansas",109386,*****
0500000US05051,05051,"Garland County, Arkansas",98479,*****
0500000US05069,05069,"Jefferson County, Arkansas",78705,*****
0500000US05085,05085,"Lonoke County, Arkansas",66677,*****
0500000US05119,05119,"Pulaski County, Arkansas",381904,*****
0500000US05125,05125,"Saline County, Arkansas",99449,*****
0500000US05131,05131,"Sebastian County, Arkansas",123597,*****
0500000US05143,05143,"Washington County, Arkansas",200181,*****
0500000US05145,05145,"White County, Arkansas",76338,*****
0500000US06001,06001,"Alameda County, California",1491482,*****
0500000US06007,06007,"Butte County, California",220577,*****
0500000US06013,06013,"Contra Costa County, California",1041274,*****
0500000US06017,06017,"El Dorado County, California",178447,*****
0500000US06019,06019,"Fresno County, California",915267,*****
0500000US06023,06023,"Humboldt County, California",129623,*****
0500000US06025,06025,"Imperial County, California",166874,*****
0500000US06029,06029,"Kern County, California",807407,*****
0500000US06031,06031,"Kings County, California",148764,*****
0500000US06033,06033,"Lake County, California",65279,*****
0500000US06037,06037,"Los Angeles County, California",9848011,*****
0500000US06039,06039,"Madera County, California",148632,*****
0500000US06041,06041,"Marin County, California",250750,*****
0500000US06045,06045,"Mendocino County, California",86040,*****
0500000US06047,06047,"Merced County, California",245321,*****
0500000US06053,06053,"Monterey County, California",410370,*****
0500000US06055,06055,"Napa County, California",134650,*****
0500000US06057,06057,"Nevada County, California",97751,*****
0500000US06059,06059,"Orange County, California",3026786,*****
0500000US06061,06061,"Placer County, California",348552,*****
0500000US06065,06065,"Riverside County, California",2125440,*****
0500000US06067,06067,"Sacramento County, California",1400949,*****
0500000US06071,06071,"San Bernardino County, California",2017673,*****
0500000US06073,06073,"San Diego County, California",3053793,*****
0500000US06075,06075,"San Francisco County, California",815358,*****
0500000US06077,06077,"San Joaquin County, California",674860,*****
0500000US06079,06079,"San Luis Obispo County, California",266971,*****
0500000US06081,06081,"San Mateo County, California",718989,*****
0500000US06083,06083,"Santa Barbara County, California",407057,*****
0500000US06085,06085,"Santa Clara County, California",1784642,*****
0500000US06087,06087,"Santa Cruz County, California",256218,*****
0500000US06089,06089,"Shasta County, California",181099,*****
0500000US06095,06095,"Solano County, California",407234,*****
0500000US06097,06097,"Sonoma County, California",472102,*****
0500000US06099,06099,"Stanislaus County, California",510385,*****
0500000US06101,06101,"Sutter County, California",92614,*****
0500000US06107,06107,"Tulare County, California",429668,*****
0500000US06111,06111,"Ventura County, California",802983,*****
0500000US06113,06113,"Yolo County, California",199407,*****
0500000US06115,06115,"Yuba County, California",72925,*****
0500000US08001,08001,"Adams County, Colorado",440994,*****
0500000US08005,08005,"Arapahoe County, Colorado",565360,*****
0500000US08013,08013,"Boulder County, Colorado",303482,*****
0500000US08031,08031,"Denver County, Colorado",610345,*****
0500000US08035,08035,"Douglas County, Colorado",288225,*****
0500000US08041,08041,"El Paso County, Colorado",604542,*****
0500000US08059,08059,"Jefferson County, Colorado",536922,*****
0500000US08069,08069,"Larimer County, Colorado",298382,*****
0500000US08077,08077,"Mesa County, Colorado",146093,*****
0500000US08101,08101,"Pueblo County, Colorado",157224,*****
0500000US08123,08123,"Weld County, Colorado",254759,*****
0500000US09001,09001,"Fairfield County, Connecticut",901208,*****
0500000US09003,09003,"Hartford County, Connecticut",879835,*****
0500000US09005,09005,"Litchfield County, Connecticut",188728,*****
0500000US09007,09007,"Middlesex County, Connecticut",165702,*****
0500000US09009,09009,"New Haven County, Connecticut",848006,*****
0500000US09011,09011,"New London County, Connecticut",266830,*****
0500000US09013,09013,"Tolland County, Connecticut",150461,*****
0500000US09015,09015,"Windham County, Connecticut",117518,*****
0500000US10001,10001,"Kent County, Delaware",157741,*****
0500000US10003,10003,"New Castle County, Delaware",534634,*****
0500000US10005,10005,"Sussex County, Delaware",192747,*****
0500000US11001,11001,"District of Columbia, District of Columbia",599657,*****
0500000US12001,12001,"Alachua County, Florida",243574,*****
0500000US12005,12005,"Bay County, Florida",164767,*****
0500000US12009,12009,"Brevard County, Florida",536357,*****
0500000US12011,12011,"Broward County, Florida",1766476,*****
0500000US12015,12015,"Charlotte County, Florida",156952,*****
0500000US12017,12017,"Citrus County, Florida",140357,*****
0500000US12019,12019,"Clay County, Florida",186756,*****
0500000US12021,12021,"Collier County, Florida",318537,*****
0500000US12023,12023,"Columbia County, Florida",69263,*****
0500000US12031,12031,"Duval County, Florida",857040,*****
0500000US12033,12033,"Escambia County, Florida",303343,*****
0500000US12035,12035,"Flagler County, Florida",91622,*****
0500000US12053,12053,"Hernando County, Florida",171233,*****
0500000US12055,12055,"Highlands County, Florida",98704,*****
0500000US12057,12057,"Hillsborough County, Florida",1195317,*****
0500000US12061,12061,"Indian River County, Florida",135167,*****
0500000US12069,12069,"Lake County, Florida",312119,*****
0500000US12071,12071,"Lee County, Florida",586908,*****
0500000US12073,12073,"Leon County, Florida",265714,*****
0500000US12081,12081,"Manatee County, Florida",318361,*****
0500000US12083,12083,"Marion County, Florida",328547,*****
0500000US12085,12085,"Martin County, Florida",139794,*****
0500000US12086,12086,"Miami-Dade County, Florida",2500625,*****
0500000US12087,12087,"Monroe County, Florida",73165,*****
0500000US12089,12089,"Nassau County, Florida",70576,*****
0500000US12091,12091,"Okaloosa County, Florida",178473,*****
0500000US12095,12095,"Orange County, Florida",1086480,*****
0500000US12097,12097,"Osceola County, Florida",270618,*****
0500000US12099,12099,"Palm Beach County, Florida",1279950,*****
0500000US12101,12101,"Pasco County, Florida",471709,*****
0500000US12103,12103,"Pinellas County, Florida",909013,*****
0500000US12105,12105,"Polk County, Florida",583403,*****
0500000US12107,12107,"Putnam County, Florida",72893,*****
0500000US12109,12109,"St. Johns County, Florida",187436,*****
0500000US12111,12111,"St. Lucie County, Florida",266502,*****
0500000US12113,12113,"Santa Rosa County, Florida",151759,*****
0500000US12115,12115,"Sarasota County, Florida",369765,*****
0500000US12117,12117,"Seminole County, Florida",413204,*****
0500000US12119,12119,"Sumter County, Florida",77681,*****
0500000US12127,12127,"Volusia County, Florida",495890,*****
0500000US13013,13013,"Barrow County, Georgia",72158,*****
0500000US13015,13015,"Bartow County, Georgia",96217,*****
0500000US13021,13021,"Bibb County, Georgia",156060,*****
0500000US13031,13031,"Bulloch County, Georgia",69213,*****
0500000US13045,13045,"Carroll County, Georgia",114778,*****
0500000US13051,13051,"Chatham County, Georgia",256992,*****
0500000US13057,13057,"Cherokee County, Georgia",215084,*****
0500000US13059,13059,"Clarke County, Georgia",116342,*****
0500000US13063,13063,"Clayton County, Georgia",275772,*****
0500000US13067,13067,"Cobb County, Georgia",714692,*****
0500000US13073,13073,"Columbia County, Georgia",112958,*****
0500000US13077,13077,"Coweta County, Georgia",127111,*****
0500000US13089,13089,"DeKalb County, Georgia",747274,*****
0500000US13095,13095,"Dougherty County, Georgia",95859,*****
0500000US13097,13097,"Douglas County, Georgia",129703,*****
0500000US13113,13113,"Fayette County, Georgia",106788,*****
0500000US13115,13115,"Floyd County, Georgia",96250,*****
0500000US13117,13117,"Forsyth County, Georgia",174520,*****
0500000US13121,13121,"Fulton County, Georgia",1033756,*****
0500000US13127,13127,"Glynn County, Georgia",76820,*****
0500000US13135,13135,"Gwinnett County, Georgia",808167,*****
0500000US13139,13139,"Hall County, Georgia",187743,*****
0500000US13151,13151,"Henry County, Georgia",195370,*****
0500000US13153,13153,"Houston County, Georgia",135715,*****
0500000US13185,13185,"Lowndes County, Georgia",106814,*****
0500000US13215,13215,"Muscogee County, Georgia",190414,*****
0500000US13217,13217,"Newton County, Georgia",99944,*****
0500000US13223,13223,"Paulding County, Georgia",136655,*****
0500000US13245,13245,"Richmond County, Georgia",199768,*****
0500000US13247,13247,"Rockdale County, Georgia",84569,*****
0500000US13297,13297,"Walton County, Georgia",87311,*****
0500000US13313,13313,"Whitfield County, Georgia",93698,*****
0500000US15001,15001,"Hawaii County, Hawaii",177835,*****
0500000US15003,15003,"Honolulu County, Hawaii",907574,*****
0500000US15009,15009,"Maui County, Hawaii",145203,46
0500000US16001,16001,"Ada County, Idaho",384656,*****
0500000US16005,16005,"Bannock County, Idaho",82539,*****
0500000US16019,16019,"Bonneville County, Idaho",101329,*****
0500000US16027,16027,"Canyon County, Idaho",186615,*****
0500000US16055,16055,"Kootenai County, Idaho",139390,*****
0500000US16083,16083,"Twin Falls County, Idaho",75296,*****
0500000US17001,17001,"Adams County, Illinois",67054,*****
0500000US17019,17019,"Champaign County, Illinois",195671,*****
0500000US17031,17031,"Cook County, Illinois",5287037,*****
0500000US17037,17037,"DeKalb County, Illinois",107333,*****
0500000US17043,17043,"DuPage County, Illinois",932541,*****
0500000US17089,17089,"Kane County, Illinois",511892,*****
0500000US17091,17091,"Kankakee County, Illinois",113215,*****
0500000US17093,17093,"Kendall County, Illinois",104821,*****
0500000US17097,17097,"Lake County, Illinois",712567,*****
0500000US17099,17099,"LaSalle County, Illinois",112498,*****
0500000US17111,17111,"McHenry County, Illinois",320961,*****
0500000US17113,17113,"McLean County, Illinois",167699,*****
0500000US17115,17115,"Macon County, Illinois",108204,*****
0500000US17119,17119,"Madison County, Illinois",268457,*****
0500000US17143,17143,"Peoria County, Illinois",185816,*****
0500000US17161,17161,"Rock Island County, Illinois",146826,*****
0500000US17163,17163,"St. Clair County, Illinois",263617,*****
0500000US17167,17167,"Sangamon County, Illinois",195716,*****
0500000US17179,17179,"Tazewell County, Illinois",132466,*****
0500000US17183,17183,"Vermilion County, Illinois",80067,*****
0500000US17197,17197,"Will County, Illinois",685251,*****
0500000US17199,17199,"Williamson County, Illinois",65169,*****
0500000US17201,17201,"Winnebago County, Illinois",299702,*****
0500000US18003,18003,"Allen County, Indiana",353888,*****
0500000US18005,18005,"Bartholomew County, Indiana",76063,*****
0500000US18019,18019,"Clark County, Indiana",108634,*****
0500000US18035,18035,"Delaware County, Indiana",115192,*****
0500000US18039,18039,"Elkhart County, Indiana",200502,*****
0500000US18043,18043,"Floyd County, Indiana",74426,*****
0500000US18053,18053,"Grant County, Indiana",68796,*****
0500000US18057,18057,"Hamilton County, Indiana",279287,*****
0500000US18059,18059,"Hancock County, Indiana",68334,*****
0500000US18063,18063,"Hendricks County, Indiana",140606,*****
0500000US18067,18067,"Howard County, Indiana",82895,*****
0500000US18081,18081,"Johnson County, Indiana",141501,*****
0500000US18085,18085,"Kosciusko County, Indiana",76499,*****
0500000US18089,18089,"Lake County, Indiana",494211,*****
0500000US18091,18091,"LaPorte County, Indiana",111063,*****
0500000US18095,18095,"Madison County, Indiana",131417,*****
0500000US18097,18097,"Marion County, Indiana",890879,*****
0500000US18105,18105,"Monroe County, Indiana",130738,*****
0500000US18109,18109,"Morgan County, Indiana",70876,*****
0500000US18127,18127,"Porter County, Indiana",163598,*****
0500000US18141,18141,"St. Joseph County, Indiana",267613,*****
0500000US18157,18157,"Tippecanoe County, Indiana",167964,*****
0500000US18163,18163,"Vanderburgh County, Indiana",175434,*****
0500000US18167,18167,"Vigo County, Indiana",105967,*****
0500000US18177,18177,"Wayne County, Indiana",67552,*****
0500000US19013,19013,"Black Hawk County, Iowa",129276,*****
0500000US19061,19061,"Dubuque County, Iowa",93072,*****
0500000US19103,19103,"Johnson County, Iowa",131005,*****
0500000US19113,19113,"Linn County, Iowa",209226,*****
0500000US19153,19153,"Polk County, Iowa",429439,*****
0500000US19155,19155,"Pottawattamie County, Iowa",90224,*****
0500000US19163,19163,"Scott County, Iowa",166650,*****
0500000US19169,19169,"Story County, Iowa",87214,*****
0500000US19193,19193,"Woodbury County, Iowa",102831,*****
0500000US20045,20045,"Douglas County, Kansas",116383,*****
0500000US20091,20091,"Johnson County, Kansas",542737,*****
0500000US20103,20103,"Leavenworth County, Kansas",73712,2409
0500000US20161,20161,"Riley County, Kansas",71341,*****
0500000US20173,20173,"Sedgwick County, Kansas",490864,*****
0500000US20177,20177,"Shawnee County, Kansas",176255,*****
0500000US20209,20209,"Wyandotte County, Kansas",155085,*****
0500000US21015,21015,"Boone County, Kentucky",118576,*****
0500000US21029,21029,"Bullitt County, Kentucky",75653,*****
0500000US21037,21037,"Campbell County, Kentucky",88423,*****
0500000US21047,21047,"Christian County, Kentucky",80938,*****
0500000US21059,21059,"Daviess County, Kentucky",95394,*****
0500000US21067,21067,"Fayette County, Kentucky",296545,*****
0500000US21093,21093,"Hardin County, Kentucky",99770,*****
0500000US21111,21111,"Jefferson County, Kentucky",721594,*****
0500000US21117,21117,"Kenton County, Kentucky",158729,*****
0500000US21145,21145,"McCracken County, Kentucky",65880,*****
0500000US21151,21151,"Madison County, Kentucky",83258,*****
0500000US21195,21195,"Pike County, Kentucky",65446,*****
0500000US21227,21227,"Warren County, Kentucky",108669,*****
0500000US22005,22005,"Ascension Parish, Louisiana",104822,*****
0500000US22015,22015,"Bossier Parish, Louisiana",111492,*****
0500000US22017,22017,"Caddo Parish, Louisiana",253623,*****
0500000US22019,22019,"Calcasieu Parish, Louisiana",187554,*****
0500000US22033,22033,"East Baton Rouge Parish, Louisiana",434633,*****
0500000US22045,22045,"Iberia Parish, Louisiana",75101,*****
0500000US22051,22051,"Jefferson Parish, Louisiana",443342,*****
0500000US22055,22055,"Lafayette Parish, Louisiana",210954,*****
0500000US22057,22057,"Lafourche Parish, Louisiana",93682,*****
0500000US22063,22063,"Livingston Parish, Louisiana",123326,*****
0500000US22071,22071,"Orleans Parish, Louisiana",354850,*****
0500000US22073,22073,"Ouachita Parish, Louisiana",151502,*****
0500000US22079,22079,"Rapides Parish, Louisiana",133937,*****
0500000US22097,22097,"St. Landry Parish, Louisiana",92326,*****
0500000US22103,22103,"St. Tammany Parish, Louisiana",231495,*****
0500000US22105,22105,"Tangipahoa Parish, Louisiana",118688,*****
0500000US22109,22109,"Terrebonne Parish, Louisiana",109291,*****
0500000US23001,23001,"Androscoggin County, Maine",106539,*****
0500000US23003,23003,"Aroostook County, Maine",71488,*****
0500000US23005,23005,"Cumberland County, Maine",278559,*****
0500000US23011,23011,"Kennebec County, Maine",121090,*****
0500000US23019,23019,"Penobscot County, Maine",149419,*****
0500000US23031,23031,"York County, Maine",201876,*****
0500000US24001,24001,"Allegany County, Maryland",72532,*****
0500000US24003,24003,"Anne Arundel County, Maryland",521209,*****
0500000US24005,24005,"Baltimore County, Maryland",789814,*****
0500000US24009,24009,"Calvert County, Maryland",89212,*****
0500000US24013,24013,"Carroll County, Maryland",170089,*****
0500000US24015,24015,"Cecil County, Maryland",100796,*****
0500000US24017,24017,"Charles County, Maryland",142226,*****
0500000US24021,24021,"Frederick County, Maryland",227980,*****
0500000US24025,24025,"Harford County, Maryland",242514,*****
0500000US24027,24027,"Howard County, Maryland",281884,*****
0500000US24031,24031,"Montgomery County, Maryland",971600,*****
0500000US24033,24033,"Prince George's County, Maryland",834560,*****
0500000US24037,24037,"St. Mary's County, Maryland",102999,*****
0500000US24043,24043,"Washington County, Maryland",145910,*****
0500000US24045,24045,"Wicomico County, Maryland",94222,*****
0500000US24510,24510,"Baltimore city, Maryland",637418,*****
0500000US25001,25001,"Barnstable County, Massachusetts",221151,*****
0500000US25003,25003,"Berkshire County, Massachusetts",129288,*****
0500000US25005,25005,"Bristol County, Massachusetts",547433,*****
0500000US25009,25009,"Essex County, Massachusetts",742582,*****
0500000US25011,25011,"Franklin County, Massachusetts",71778,*****
0500000US25013,25013,"Hampden County, Massachusetts",471081,*****
0500000US25015,25015,"Hampshire County, Massachusetts",156044,*****
0500000US25017,25017,"Middlesex County, Massachusetts",1505006,*****
0500000US25021,25021,"Norfolk County, Massachusetts",666303,*****
0500000US25023,25023,"Plymouth County, Massachusetts",498344,*****
0500000US25025,25025,"Suffolk County, Massachusetts",753580,*****
0500000US25027,25027,"Worcester County, Massachusetts",803701,*****
0500000US26005,26005,"Allegan County, Michigan",113449,*****
0500000US26017,26017,"Bay County, Michigan",107434,*****
0500000US26021,26021,"Berrien County, Michigan",160472,*****
0500000US26025,26025,"Calhoun County, Michigan",135616,*****
0500000US26037,26037,"Clinton County, Michigan",69893,*****
0500000US26045,26045,"Eaton County, Michigan",106077,*****
0500000US26049,26049,"Genesee County, Michigan",424043,*****
0500000US26055,26055,"Grand Traverse County, Michigan",86333,*****
0500000US26065,26065,"Ingham County, Michigan",277633,*****
0500000US26073,26073,"Isabella County, Michigan",67176,*****
0500000US26075,26075,"Jackson County, Michigan",159828,*****
0500000US26077,26077,"Kalamazoo County, Michigan",248407,*****
0500000US26081,26081,"Kent County, Michigan",608315,*****
0500000US26087,26087,"Lapeer County, Michigan",89974,*****
0500000US26091,26091,"Lenawee County, Michigan",99837,*****
0500000US26093,26093,"Livingston County, Michigan",183118,*****
0500000US26099,26099,"Macomb County, Michigan",831427,*****
0500000US26103,26103,"Marquette County, Michigan",65703,*****
0500000US26111,26111,"Midland County, Michigan",82548,*****
0500000US26115,26115,"Monroe County, Michigan",152721,*****
0500000US26121,26121,"Muskegon County, Michigan",173951,*****
0500000US26125,26125,"Oakland County, Michigan",1205508,*****
0500000US26139,26139,"Ottawa County, Michigan",261957,*****
0500000US26145,26145,"Saginaw County, Michigan",200050,*****
0500000US26147,26147,"St. Clair County, Michigan",167562,*****
0500000US26155,26155,"Shiawassee County, Michigan",70006,*****
0500000US26159,26159,"Van Buren County, Michigan",78227,*****
0500000US26161,26161,"Washtenaw County, Michigan",347563,*****
0500000US26163,26163,"Wayne County, Michigan",1925848,*****
0500000US27003,27003,"Anoka County, Minnesota",331582,*****
0500000US27019,27019,"Carver County, Minnesota",92107,*****
0500000US27037,27037,"Dakota County, Minnesota",396500,*****
0500000US27053,27053,"Hennepin County, Minnesota",1156212,*****
0500000US27109,27109,"Olmsted County, Minnesota",143962,*****
0500000US27123,27123,"Ramsey County, Minnesota",506278,*****
0500000US27137,27137,"St. Louis County, Minnesota",197767,*****
0500000US27139,27139,"Scott County, Minnesota",131939,*****
0500000US27141,27141,"Sherburne County, Minnesota",87832,*****
0500000US27145,27145,"Stearns County, Minnesota",148955,*****
0500000US27163,27163,"Washington County, Minnesota",231958,*****
0500000US27171,27171,"Wright County, Minnesota",121907,*****
0500000US28033,28033,"DeSoto County, Mississippi",158719,*****
0500000US28035,28035,"Forrest County, Mississippi",81078,*****
0500000US28047,28047,"Harrison County, Mississippi",181191,*****
0500000US28049,28049,"Hinds County, Mississippi",247631,*****
0500000US28059,28059,"Jackson County, Mississippi",132922,*****
0500000US28067,28067,"Jones County, Mississippi",67776,*****
0500000US28075,28075,"Lauderdale County, Mississippi",79099,*****
0500000US28081,28081,"Lee County, Mississippi",81913,*****
0500000US28089,28089,"Madison County, Mississippi",93097,*****
0500000US28121,28121,"Rankin County, Mississippi",143124,*****
0500000US29019,29019,"Boone County, Missouri",156377,*****
0500000US29021,29021,"Buchanan County, Missouri",89856,*****
0500000US29031,29031,"Cape Girardeau County, Missouri",73957,*****
0500000US29037,29037,"Cass County, Missouri",100184,*****
0500000US29043,29043,"Christian County, Missouri",77455,*****
0500000US29047,29047,"Clay County, Missouri",228358,*****
0500000US29051,29051,"Cole County, Missouri",75018,*****
0500000US29071,29071,"Franklin County, Missouri",101263,*****
0500000US29077,29077,"Greene County, Missouri",269630,*****
0500000US29095,29095,"Jackson County, Missouri",705708,*****
0500000US29097,29097,"Jasper County, Missouri",118179,*****
0500000US29099,29099,"Jefferson County, Missouri",219046,*****
0500000US29165,29165,"Platte County, Missouri",90688,*****
0500000US29183,29183,"St. Charles County, Missouri",355367,*****
0500000US29189,29189,"St. Louis County, Missouri",992408,*****
0500000US29510,29510,"St. Louis city, Missouri",356587,*****
0500000US30013,30013,"Cascade County, Montana",82178,*****
0500000US30029,30029,"Flathead County, Montana",89624,*****
0500000US30031,30031,"Gallatin County, Montana",90343,*****
0500000US30063,30063,"Missoula County, Montana",108623,*****
0500000US30111,30111,"Yellowstone County, Montana",144797,*****
0500000US31055,31055,"Douglas County, Nebraska",510199,*****
0500000US31109,31109,"Lancaster County, Nebraska",281531,*****
0500000US31153,31153,"Sarpy County, Nebraska",153504,*****
0500000US32003,32003,"Clark County, Nevada",1902834,*****
0500000US32031,32031,"Washoe County, Nevada",414820,*****
0500000US33005,33005,"Cheshire County, New Hampshire",77045,*****
0500000US33009,33009,"Grafton County, New Hampshire",86291,*****
0500000US33011,33011,"Hillsborough County, New Hampshire",405906,*****
0500000US33013,33013,"Merrimack County, New Hampshire",149071,*****
0500000US33015,33015,"Rockingham County, New Hampshire",299276,*****
0500000US33017,33017,"Strafford County, New Hampshire",123589,*****
0500000US34001,34001,"Atlantic County, New Jersey",271712,*****
0500000US34003,34003,"Bergen County, New Jersey",895250,*****
0500000US34005,34005,"Burlington County, New Jersey",446108,*****
0500000US34007,34007,"Camden County, New Jersey",517879,*****
0500000US34009,34009,"Cape May County, New Jersey",96092,*****
0500000US34011,34011,"Cumberland County, New Jersey",157745,*****
0500000US34013,34013,"Essex County, New Jersey",769644,*****
0500000US34015,34015,"Gloucester County, New Jersey",289920,*****
0500000US34017,34017,"Hudson County, New Jersey",597924,*****
0500000US34019,34019,"Hunterdon County, New Jersey",130034,*****
0500000US34021,34021,"Mercer County, New Jersey",366222,*****
0500000US34023,34023,"Middlesex County, New Jersey",790738,*****
0500000US34025,34025,"Monmouth County, New Jersey",644105,*****
0500000US34027,34027,"Morris County, New Jersey",488518,*****
0500000US34029,34029,"Ocean County, New Jersey",573678,*****
0500000US34031,34031,"Passaic County, New Jersey",491778,*****
0500000US34033,34033,"Salem County, New Jersey",66342,*****
0500000US34035,34035,"Somerset County, New Jersey",326869,*****
0500000US34037,34037,"Sussex County, New Jersey",151118,*****
0500000US34039,34039,"Union County, New Jersey",526426,*****
0500000US34041,34041,"Warren County, New Jersey",109638,*****
0500000US35001,35001,"Bernalillo County, New Mexico",642527,*****
0500000US35013,35013,"Doña Ana County, New Mexico",206419,*****
0500000US35031,35031,"McKinley County, New Mexico",70513,*****
0500000US35043,35043,"Sandoval County, New Mexico",125988,*****
0500000US35045,35045,"San Juan County, New Mexico",124131,*****
0500000US35049,35049,"Santa Fe County, New Mexico",147532,*****
0500000US35061,35061,"Valencia County, New Mexico",72913,*****
0500000US36001,36001,"Albany County, New York",298284,*****
0500000US36005,36005,"Bronx County, New York",1397287,*****
0500000US36007,36007,"Broome County, New York",194630,*****
0500000US36009,36009,"Cattaraugus County, New York",79689,*****
0500000US36011,36011,"Cayuga County, New York",79526,*****
0500000US36013,36013,"Chautauqua County, New York",133503,*****
0500000US36015,36015,"Chemung County, New York",88331,*****
0500000US36019,36019,"Clinton County, New York",81618,*****
0500000US36027,36027,"Dutchess County, New York",293562,*****
0500000US36029,36029,"Erie County, New York",909247,*****
0500000US36045,36045,"Jefferson County, New York",118719,*****
0500000US36047,36047,"Kings County, New York",2567098,*****
0500000US36053,36053,"Madison County, New York",69954,*****
0500000US36055,36055,"Monroe County, New York",733703,*****
0500000US36059,36059,"Nassau County, New York",1357429,*****
0500000US36061,36061,"New York County, New York",1629054,*****
0500000US36063,36063,"Niagara County, New York",214557,*****
0500000US36065,36065,"Oneida County, New York",231044,*****
0500000US36067,36067,"Onondaga County, New York",454753,*****
0500000US36069,36069,"Ontario County, New York",105650,*****
0500000US36071,36071,"Orange County, New York",383532,*****
0500000US36075,36075,"Oswego County, New York",121377,*****
0500000US36079,36079,"Putnam County, New York",99265,*****
0500000US36081,36081,"Queens County, New York",2306712,*****
0500000US36083,36083,"Rensselaer County, New York",155541,*****
0500000US36085,36085,"Richmond County, New York",491730,*****
0500000US36087,36087,"Rockland County, New York",300173,*****
0500000US36089,36089,"St. Lawrence County, New York",109715,*****
0500000US36091,36091,"Saratoga County, New York",220069,*****
0500000US36093,36093,"Schenectady County, New York",152169,*****
0500000US36101,36101,"Steuben County, New York",96552,*****
0500000US36103,36103,"Suffolk County, New York",1518475,*****
0500000US36105,36105,"Sullivan County, New York",75828,*****
0500000US36109,36109,"Tompkins County, New York",101779,*****
0500000US36111,36111,"Ulster County, New York",181440,*****
0500000US36113,36113,"Warren County, New York",66021,*****
0500000US36117,36117,"Wayne County, New York",91291,*****
0500000US36119,36119,"Westchester County, New York",955962,*****
0500000US37001,37001,"Alamance County, North Carolina",150358,*****
0500000US37019,37019,"Brunswick County, North Carolina",107062,*****
0500000US37021,37021,"Buncombe County, North Carolina",231452,*****
0500000US37023,37023,"Burke County, North Carolina",89548,*****
0500000US37025,37025,"Cabarrus County, North Carolina",172223,*****
0500000US37027,37027,"Caldwell County, North Carolina",79914,*****
0500000US37035,37035,"Catawba County, North Carolina",159125,*****
0500000US37045,37045,"Cleveland County, North Carolina",99274,*****
0500000US37049,37049,"Craven County, North Carolina",98529,*****
0500000US37051,37051,"Cumberland County, North Carolina",315207,*****
0500000US37057,37057,"Davidson County, North Carolina",158582,*****
0500000US37063,37063,"Durham County, North Carolina",269706,*****
0500000US37067,37067,"Forsyth County, North Carolina",359638,*****
0500000US37071,37071,"Gaston County, North Carolina",208958,*****
0500000US37081,37081,"Guilford County, North Carolina",480362,*****
0500000US37085,37085,"Harnett County, North Carolina",115761,*****
0500000US37089,37089,"Henderson County, North Carolina",103669,*****
0500000US37097,37097,"Iredell County, North Carolina",158153,*****
0500000US37101,37101,"Johnston County, North Carolina",168525,*****
0500000US37109,37109,"Lincoln County, North Carolina",76043,*****
0500000US37119,37119,"Mecklenburg County, North Carolina",913639,*****
0500000US37125,37125,"Moore County, North Carolina",87158,*****
0500000US37127,37127,"Nash County, North Carolina",94743,*****
0500000US37129,37129,"New Hanover County, North Carolina",195085,*****
0500000US37133,37133,"Onslow County, North Carolina",173064,*****
0500000US37135,37135,"Orange County, North Carolina",129083,*****
0500000US37147,37147,"Pitt County, North Carolina",159057,*****
0500000US37151,37151,"Randolph County, North Carolina",142151,*****
0500000US37155,37155,"Robeson County, North Carolina",129559,*****
0500000US37157,37157,"Rockingham County, North Carolina",92252,*****
0500000US37159,37159,"Rowan County, North Carolina",140798,*****
0500000US37171,37171,"Surry County, North Carolina",72496,*****
0500000US37179,37179,"Union County, North Carolina",198645,*****
0500000US37183,37183,"Wake County, North Carolina",897214,*****
0500000US37191,37191,"Wayne County, North Carolina",113811,*****
0500000US37193,37193,"Wilkes County, North Carolina",66555,*****
0500000US37195,37195,"Wilson County, North Carolina",78353,*****
0500000US38015,38015,"Burleigh County, North Dakota",79822,*****
0500000US38017,38017,"Cass County, North Dakota",143339,*****
0500000US38035,38035,"Grand Forks County, North Dakota",66414,*****
0500000US39003,39003,"Allen County, Ohio",104357,*****
0500000US39007,39007,"Ashtabula County, Ohio",100767,*****
0500000US39013,39013,"Belmont County, Ohio",68066,*****
0500000US39017,39017,"Butler County, Ohio",363184,*****
0500000US39023,39023,"Clark County, Ohio",139671,*****
0500000US39025,39025,"Clermont County, Ohio",196364,*****
0500000US39029,39029,"Columbiana County, Ohio",107722,*****
0500000US39035,39035,"Cuyahoga County, Ohio",1275709,*****
0500000US39041,39041,"Delaware County, Ohio",168708,*****
0500000US39043,39043,"Erie County, Ohio",76963,*****
0500000US39045,39045,"Fairfield County, Ohio",143712,*****
0500000US39049,39049,"Franklin County, Ohio",1150122,*****
0500000US39055,39055,"Geauga County, Ohio",99060,*****
0500000US39057,39057,"Greene County, Ohio",159823,*****
0500000US39061,39061,"Hamilton County, Ohio",855062,*****
0500000US39063,39063,"Hancock County, Ohio",74538,*****
0500000US39081,39081,"Jefferson County, Ohio",67691,*****
0500000US39085,39085,"Lake County, Ohio",236775,*****
0500000US39089,39089,"Licking County, Ohio",158488,*****
0500000US39093,39093,"Lorain County, Ohio",305707,*****
0500000US39095,39095,"Lucas County, Ohio",463493,*****
0500000US39099,39099,"Mahoning County, Ohio",236735,*****
0500000US39101,39101,"Marion County, Ohio",65655,*****
0500000US39103,39103,"Medina County, Ohio",174035,*****
0500000US39109,39109,"Miami County, Ohio",101256,*****
0500000US39113,39113,"Montgomery County, Ohio",532562,*****
0500000US39119,39119,"Muskingum County, Ohio",84884,*****
0500000US39133,39133,"Portage County, Ohio",157530,*****
0500000US39139,39139,"Richland County, Ohio",124490,*****
0500000US39141,39141,"Ross County, Ohio",75972,*****
0500000US39145,39145,"Scioto County, Ohio",76334,*****
0500000US39151,39151,"Stark County, Ohio",379466,*****
0500000US39153,39153,"Summit County, Ohio",542405,*****
0500000US39155,39155,"Trumbull County, Ohio",210157,*****
0500000US39157,39157,"Tuscarawas County, Ohio",91137,*****
0500000US39165,39165,"Warren County, Ohio",210712,*****
0500000US39169,39169,"Wayne County, Ohio",114222,*****
0500000US39173,39173,"Wood County, Ohio",125380,*****
0500000US40017,40017,"Canadian County, Oklahoma",109668,*****
0500000US40027,40027,"Cleveland County, Oklahoma",244589,*****
0500000US40031,40031,"Comanche County, Oklahoma",113228,*****
0500000US40037,40037,"Creek County, Oklahoma",70244,*****
0500000US40101,40101,"Muskogee County, Oklahoma",71412,*****
0500000US40109,40109,"Oklahoma County, Oklahoma",716704,*****
0500000US40119,40119,"Payne County, Oklahoma",79727,*****
0500000US40125,40125,"Pottawatomie County, Oklahoma",70274,*****
0500000US40131,40131,"Rogers County, Oklahoma",85654,*****
0500000US40143,40143,"Tulsa County, Oklahoma",601961,*****
0500000US40145,40145,"Wagoner County, Oklahoma",70394,*****
0500000US41003,41003,"Benton County, Oregon",82605,*****
0500000US41005,41005,"Clackamas County, Oregon",386143,*****
0500000US41017,41017,"Deschutes County, Oregon",158629,*****
0500000US41019,41019,"Douglas County, Oregon",103205,*****
0500000US41029,41029,"Jackson County, Oregon",201286,*****
0500000US41033,41033,"Josephine County, Oregon",81026,*****
0500000US41035,41035,"Klamath County, Oregon",66890,1567
0500000US41039,41039,"Lane County, Oregon",351109,*****
0500000US41043,41043,"Linn County, Oregon",116584,*****
0500000US41047,41047,"Marion County, Oregon",317981,*****
0500000US41051,41051,"Multnomah County, Oregon",726855,*****
0500000US41053,41053,"Polk County, Oregon",78122,*****
0500000US41059,41059,"Umatilla County, Oregon",73347,*****
0500000US41067,41067,"Washington County, Oregon",537318,*****
0500000US41071,41071,"Yamhill County, Oregon",99037,*****
0500000US42001,42001,"Adams County, Pennsylvania",102323,*****
0500000US42003,42003,"Allegheny County, Pennsylvania",1218494,*****
0500000US42005,42005,"Armstrong County, Pennsylvania",67851,*****
0500000US42007,42007,"Beaver County, Pennsylvania",171673,*****
0500000US42011,42011,"Berks County, Pennsylvania",407125,*****
0500000US42013,42013,"Blair County, Pennsylvania",126122,*****
0500000US42017,42017,"Bucks County, Pennsylvania",626015,*****
0500000US42019,42019,"Butler County, Pennsylvania",184694,*****
0500000US42021,42021,"Cambria County, Pennsylvania",143998,*****
0500000US42027,42027,"Centre County, Pennsylvania",146212,*****
0500000US42029,42029,"Chester County, Pennsylvania",498894,*****
0500000US42033,42033,"Clearfield County, Pennsylvania",82324,*****
0500000US42037,42037,"Columbia County, Pennsylvania",65111,*****
0500000US42039,42039,"Crawford County, Pennsylvania",88521,*****
0500000US42041,42041,"Cumberland County, Pennsylvania",232483,*****
0500000US42043,42043,"Dauphin County, Pennsylvania",258934,*****
0500000US42045,42045,"Delaware County, Pennsylvania",558028,*****
0500000US42049,42049,"Erie County, Pennsylvania",280291,*****
0500000US42051,42051,"Fayette County, Pennsylvania",142605,*****
0500000US42055,42055,"Franklin County, Pennsylvania",144994,*****
0500000US42063,42063,"Indiana County, Pennsylvania",87450,*****
0500000US42069,42069,"Lackawanna County, Pennsylvania",208801,*****
0500000US42071,42071,"Lancaster County, Pennsylvania",507766,*****
0500000US42073,42073,"Lawrence County, Pennsylvania",90160,*****
0500000US42075,42075,"Lebanon County, Pennsylvania",130506,*****
0500000US42077,42077,"Lehigh County, Pennsylvania",343519,*****
0500000US42079,42079,"Luzerne County, Pennsylvania",312845,*****
0500000US42081,42081,"Lycoming County, Pennsylvania",116840,*****
0500000US42085,42085,"Mercer County, Pennsylvania",116071,*****
0500000US42089,42089,"Monroe County, Pennsylvania",166355,*****
0500000US42091,42091,"Montgomery County, Pennsylvania",782339,*****
0500000US42095,42095,"Northampton County, Pennsylvania",298990,*****
0500000US42097,42097,"Northumberland County, Pennsylvania",91311,*****
0500000US42101,42101,"Philadelphia County, Pennsylvania",1547297,*****
0500000US42107,42107,"Schuylkill County, Pennsylvania",146952,*****
0500000US42111,42111,"Somerset County, Pennsylvania",76953,*****
0500000US42125,42125,"Washington County, Pennsylvania",207389,*****
0500000US42129,42129,"Westmoreland County, Pennsylvania",362251,*****
0500000US42133,42133,"York County, Pennsylvania",428937,*****
0500000US44003,44003,"Kent County, Rhode Island",168752,*****
0500000US44005,44005,"Newport County, Rhode Island",80300,*****
0500000US44007,44007,"Providence County, Rhode Island",627690,*****
0500000US44009,44009,"Washington County, Rhode Island",126925,*****
0500000US45003,45003,"Aiken County, South Carolina",156017,*****
0500000US45007,45007,"Anderson County, South Carolina",184901,*****
0500000US45013,45013,"Beaufort County, South Carolina",155215,*****
0500000US45015,45015,"Berkeley County, South Carolina",173498,*****
0500000US45019,45019,"Charleston County, South Carolina",355276,*****
0500000US45031,45031,"Darlington County, South Carolina",66445,*****
0500000US45035,45035,"Dorchester County, South Carolina",130417,*****
0500000US45041,45041,"Florence County, South Carolina",134208,*****
0500000US45045,45045,"Greenville County, South Carolina",451428,*****
0500000US45047,45047,"Greenwood County, South Carolina",69671,*****
0500000US45051,45051,"Horry County, South Carolina",263868,*****
0500000US45057,45057,"Lancaster County, South Carolina",77767,*****
0500000US45059,45059,"Laurens County, South Carolina",70045,*****
0500000US45063,45063,"Lexington County, South Carolina",255607,*****
0500000US45073,45073,"Oconee County, South Carolina",71514,*****
0500000US45075,45075,"Orangeburg County, South Carolina",90112,*****
0500000US45077,45077,"Pickens County, South Carolina",118144,*****
0500000US45079,45079,"Richland County, South Carolina",372023,*****
0500000US45083,45083,"Spartanburg County, South Carolina",286822,*****
0500000US45085,45085,"Sumter County, South Carolina",104495,*****
0500000US45091,45091,"York County, South Carolina",227003,*****
0500000US46099,46099,"Minnehaha County, South Dakota",183048,*****
0500000US46103,46103,"Pennington County, South Dakota",100850,*****
0500000US47001,47001,"Anderson County, Tennessee",74849,*****
0500000US47009,47009,"Blount County, Tennessee",122784,*****
0500000US47011,47011,"Bradley County, Tennessee",97710,*****
0500000US47037,47037,"Davidson County, Tennessee",635710,*****
0500000US47059,47059,"Greene County, Tennessee",66282,*****
0500000US47065,47065,"Hamilton County, Tennessee",337175,*****
0500000US47093,47093,"Knox County, Tennessee",435725,*****
0500000US47113,47113,"Madison County, Tennessee",97317,*****
0500000US47119,47119,"Maury County, Tennessee",84302,*****
0500000US47125,47125,"Montgomery County, Tennessee",160978,*****
0500000US47141,47141,"Putnam County, Tennessee",72431,*****
0500000US47147,47147,"Robertson County, Tennessee",66581,*****
0500000US47149,47149,"Rutherford County, Tennessee",257048,*****
0500000US47155,47155,"Sevier County, Tennessee",86243,*****
0500000US47157,47157,"Shelby County, Tennessee",920232,*****
0500000US47163,47163,"Sullivan County, Tennessee",154552,*****
0500000US47165,47165,"Sumner County, Tennessee",158759,*****
0500000US47179,47179,"Washington County, Tennessee",120598,*****
0500000US47187,47187,"Williamson County, Tennessee",176838,*****
0500000US47189,47189,"Wilson County, Tennessee",112377,*****
0500000US48005,48005,"Angelina County, Texas",83675,*****
0500000US48021,48021,"Bastrop County, Texas",74876,*****
0500000US48027,48027,"Bell County, Texas",285787,*****
0500000US48029,48029,"Bexar County, Texas",1651448,*****
0500000US48037,48037,"Bowie County, Texas",93964,*****
0500000US48039,48039,"Brazoria County, Texas",309208,*****
0500000US48041,48041,"Brazos County, Texas",179992,*****
0500000US48061,48061,"Cameron County, Texas",396371,*****
0500000US48085,48085,"Collin County, Texas",791631,*****
0500000US48091,48091,"Comal County, Texas",114525,*****
0500000US48099,48099,"Coryell County, Texas",72529,*****
0500000US48113,48113,"Dallas County, Texas",2451730,*****
0500000US48121,48121,"Denton County, Texas",658616,*****
0500000US48135,48135,"Ector County, Texas",134625,*****
0500000US48139,48139,"Ellis County, Texas",151737,*****
0500000US48141,48141,"El Paso County, Texas",751296,*****
0500000US48157,48157,"Fort Bend County, Texas",556870,*****
0500000US48167,48167,"Galveston County, Texas",286814,*****
0500000US48181,48181,"Grayson County, Texas",120030,*****
0500000US48183,48183,"Gregg County, Texas",119637,*****
0500000US48187,48187,"Guadalupe County, Texas",121432,*****
0500000US48201,48201,"Harris County, Texas",4070989,*****
0500000US48209,48209,"Hays County, Texas",155545,*****
0500000US48213,48213,"Henderson County, Texas",78921,*****
0500000US48215,48215,"Hidalgo County, Texas",741152,*****
0500000US48231,48231,"Hunt County, Texas",82831,*****
0500000US48245,48245,"Jefferson County, Texas",243237,*****
0500000US48251,48251,"Johnson County, Texas",156997,*****
0500000US48257,48257,"Kaufman County, Texas",103038,*****
0500000US48291,48291,"Liberty County, Texas",75779,*****
0500000US48303,48303,"Lubbock County, Texas",270550,*****
0500000US48309,48309,"McLennan County, Texas",233378,*****
0500000US48329,48329,"Midland County, Texas",132316,*****
0500000US48339,48339,"Montgomery County, Texas",447718,*****
0500000US48355,48355,"Nueces County, Texas",323046,*****
0500000US48361,48361,"Orange County, Texas",81816,*****
0500000US48367,48367,"Parker County, Texas",114919,*****
0500000US48375,48375,"Potter County, Texas",121816,*****
0500000US48381,48381,"Randall County, Texas",116483,*****
0500000US48397,48397,"Rockwall County, Texas",81391,*****
0500000US48409,48409,"San Patricio County, Texas",68223,*****
0500000US48423,48423,"Smith County, Texas",204665,*****
0500000US48439,48439,"Tarrant County, Texas",1789900,*****
0500000US48441,48441,"Taylor County, Texas",127683,*****
0500000US48451,48451,"Tom Green County, Texas",108378,*****
0500000US48453,48453,"Travis County, Texas",1026158,*****
0500000US48469,48469,"Victoria County, Texas",87790,*****
0500000US48479,48479,"Webb County, Texas",241438,*****
0500000US48485,48485,"Wichita County, Texas",127616,*****
0500000US48491,48491,"Williamson County, Texas",410686,*****
0500000US49005,49005,"Cache County, Utah",115269,*****
0500000US49011,49011,"Davis County, Utah",300827,*****
0500000US49035,49035,"Salt Lake County, Utah",1034989,*****
0500000US49049,49049,"Utah County, Utah",545307,*****
0500000US49053,49053,"Washington County, Utah",137473,*****
0500000US49057,49057,"Weber County, Utah",231834,*****
0500000US50007,50007,"Chittenden County, Vermont",152313,*****
0500000US51003,51003,"Albemarle County, Virginia",94908,*****
0500000US51013,51013,"Arlington County, Virginia",217483,*****
0500000US51015,51015,"Augusta County, Virginia",71594,1733
0500000US51019,51019,"Bedford County, Virginia",67154,*****
0500000US51041,51041,"Chesterfield County, Virginia",306670,*****
0500000US51059,51059,"Fairfax County, Virginia",1037605,*****
0500000US51061,51061,"Fauquier County, Virginia",67342,2148
0500000US51069,51069,"Frederick County, Virginia",74972,*****
0500000US51085,51085,"Hanover County, Virginia",99933,*****
0500000US51087,51087,"Henrico County, Virginia",296415,*****
0500000US51107,51107,"Loudoun County, Virginia",301171,*****
0500000US51121,51121,"Montgomery County, Virginia",91023,*****
0500000US51153,51153,"Prince William County, Virginia",379166,*****
0500000US51161,51161,"Roanoke County, Virginia",91011,*****
0500000US51165,51165,"Rockingham County, Virginia",75134,*****
0500000US51177,51177,"Spotsylvania County, Virginia",120977,*****
0500000US51179,51179,"Stafford County, Virginia",124166,*****
0500000US51510,51510,"Alexandria city, Virginia",150006,*****
0500000US51550,51550,"Chesapeake city, Virginia",222455,*****
0500000US51650,51650,"Hampton city, Virginia",144236,*****
0500000US51680,51680,"Lynchburg city, Virginia",73933,*****
0500000US51700,51700,"Newport News city, Virginia",193172,*****
0500000US51710,51710,"Norfolk city, Virginia",233333,*****
0500000US51740,51740,"Portsmouth city, Virginia",99321,*****
0500000US51760,51760,"Richmond city, Virginia",204451,*****
0500000US51770,51770,"Roanoke city, Virginia",94482,*****
0500000US51800,51800,"Suffolk city, Virginia",83659,*****
0500000US51810,51810,"Virginia Beach city, Virginia",433575,*****
0500000US53005,53005,"Benton County, Washington",168294,*****
0500000US53007,53007,"Chelan County, Washington",72372,*****
0500000US53009,53009,"Clallam County, Washington",71413,*****
0500000US53011,53011,"Clark County, Washington",432002,*****
0500000US53015,53015,"Cowlitz County, Washington",101966,*****
0500000US53021,53021,"Franklin County, Washington",77355,*****
0500000US53025,53025,"Grant County, Washington",88098,*****
0500000US53027,53027,"Grays Harbor County, Washington",71797,*****
0500000US53029,53029,"Island County, Washington",81054,*****
0500000US53033,53033,"King County, Washington",1916441,*****
0500000US53035,53035,"Kitsap County, Washington",240862,*****
0500000US53041,53041,"Lewis County, Washington",74741,*****
0500000US53053,53053,"Pierce County, Washington",796836,*****
0500000US53057,53057,"Skagit County, Washington",119534,*****
0500000US53061,53061,"Snohomish County, Washington",694571,*****
0500000US53063,53063,"Spokane County, Washington",468684,*****
0500000US53067,53067,"Thurston County, Washington",250979,*****
0500000US53073,53073,"Whatcom County, Washington",200434,*****
0500000US53077,53077,"Yakima County, Washington",239054,*****
0500000US54003,54003,"Berkeley County, West Virginia",103854,*****
0500000US54011,54011,"Cabell County, West Virginia",95214,*****
0500000US54033,54033,"Harrison County, West Virginia",68911,*****
0500000US54039,54039,"Kanawha County, West Virginia",191663,*****
0500000US54061,54061,"Monongalia County, West Virginia",90080,*****
0500000US54081,54081,"Raleigh County, West Virginia",79187,*****
0500000US54107,54107,"Wood County, West Virginia",86888,*****
0500000US55009,55009,"Brown County, Wisconsin",247319,*****
0500000US55025,55025,"Dane County, Wisconsin",491357,*****
0500000US55027,55027,"Dodge County, Wisconsin",87335,*****
0500000US55035,55035,"Eau Claire County, Wisconsin",99409,*****
0500000US55039,55039,"Fond du Lac County, Wisconsin",100070,*****
0500000US55055,55055,"Jefferson County, Wisconsin",80833,*****
0500000US55059,55059,"Kenosha County, Wisconsin",165382,*****
0500000US55063,55063,"La Crosse County, Wisconsin",113679,*****
0500000US55071,55071,"Manitowoc County, Wisconsin",80583,*****
0500000US55073,55073,"Marathon County, Wisconsin",131612,*****
0500000US55079,55079,"Milwaukee County, Wisconsin",959521,*****
0500000US55087,55087,"Outagamie County, Wisconsin",177155,*****
0500000US55089,55089,"Ozaukee County, Wisconsin",86311,*****
0500000US55097,55097,"Portage County, Wisconsin",69176,*****
0500000US55101,55101,"Racine County, Wisconsin",200601,*****
0500000US55105,55105,"Rock County, Wisconsin",160155,*****
0500000US55109,55109,"St. Croix County, Wisconsin",83351,*****
0500000US55117,55117,"Sheboygan County, Wisconsin",114560,*****
0500000US55127,55127,"Walworth County, Wisconsin",100593,*****
0500000US55131,55131,"Washington County, Wisconsin",130681,*****
0500000US55133,55133,"Waukesha County, Wisconsin",383154,*****
0500000US55139,55139,"Winnebago County, Wisconsin",163370,*****
0500000US55141,55141,"Wood County, Wisconsin",73932,*****
0500000US56021,56021,"Laramie County, Wyoming",88854,*****
0500000US56025,56025,"Natrona County, Wyoming",74508,*****
