GEO.id,GEO.id2,GEO.display-label,HD01_VD01,HD02_VD01
Id,Id2,Geography,Estimate; Total,Margin of Error; Total
0500000US01003,1003,"Baldwin County, Alabama",212628,*****
0500000US01015,1015,"Calhoun County, Alabama",114728,*****
0500000US01043,1043,"Cullman County, Alabama",82755,*****
0500000US01049,1049,"DeKalb County, Alabama",71617,*****
0500000US01051,1051,"Elmore County, Alabama",81677,*****
0500000US01055,1055,"Etowah County, Alabama",102755,*****
0500000US01069,1069,"Houston County, Alabama",104346,*****
0500000US01073,1073,"Jefferson County, Alabama",659197,*****
0500000US01077,1077,"Lauderdale County, Alabama",92538,*****
0500000US01081,1081,"Lee County, Alabama",161604,*****
0500000US01083,1083,"Limestone County, Alabama",94402,*****
0500000US01089,1089,"Madison County, Alabama",361046,*****
0500000US01095,1095,"Marshall County, Alabama",95548,*****
0500000US01097,1097,"Mobile County, Alabama",413955,*****
0500000US01101,1101,"Montgomery County, Alabama",226646,*****
0500000US01103,1103,"Morgan County, Alabama",118818,*****
0500000US01115,1115,"St. Clair County, Alabama",88199,*****
0500000US01117,1117,"Shelby County, Alabama",213605,*****
0500000US01121,1121,"Talladega County, Alabama",80065,*****
0500000US01125,1125,"Tuscaloosa County, Alabama",207811,*****
0500000US01127,1127,"Walker County, Alabama",64058,*****
0500000US02020,2020,"Anchorage Municipality, Alaska",294356,*****
0500000US02090,2090,"Fairbanks North Star Borough, Alaska",99703,*****
0500000US02170,2170,"Matanuska-Susitna Borough, Alaska",106532,*****
0500000US04001,4001,"Apache County, Arizona",71606,*****
0500000US04003,4003,"Cochise County, Arizona",124756,*****
0500000US04005,4005,"Coconino County, Arizona",140776,*****
0500000US04013,4013,"Maricopa County, Arizona",4307033,*****
0500000US04015,4015,"Mohave County, Arizona",207200,*****
0500000US04017,4017,"Navajo County, Arizona",108956,*****
0500000US04019,4019,"Pima County, Arizona",1022769,*****
0500000US04021,4021,"Pinal County, Arizona",430237,*****
0500000US04025,4025,"Yavapai County, Arizona",228168,*****
0500000US04027,4027,"Yuma County, Arizona",207534,*****
0500000US05007,5007,"Benton County, Arkansas",266300,*****
0500000US05031,5031,"Craighead County, Arkansas",107115,*****
0500000US05045,5045,"Faulkner County, Arkansas",123654,*****
0500000US05051,5051,"Garland County, Arkansas",98658,*****
0500000US05069,5069,"Jefferson County, Arkansas",69115,*****
0500000US05085,5085,"Lonoke County, Arkansas",72898,*****
0500000US05119,5119,"Pulaski County, Arkansas",393956,*****
0500000US05125,5125,"Saline County, Arkansas",119323,*****
0500000US05131,5131,"Sebastian County, Arkansas",128107,*****
0500000US05143,5143,"Washington County, Arkansas",231996,*****
0500000US05145,5145,"White County, Arkansas",79016,*****
0500000US06001,6001,"Alameda County, California",1663190,*****
0500000US06007,6007,"Butte County, California",229294,*****
0500000US06013,6013,"Contra Costa County, California",1147439,*****
0500000US06017,6017,"El Dorado County, California",188987,*****
0500000US06019,6019,"Fresno County, California",989255,*****
0500000US06023,6023,"Humboldt County, California",136754,*****
0500000US06025,6025,"Imperial County, California",182830,*****
0500000US06029,6029,"Kern County, California",893119,*****
0500000US06031,6031,"Kings County, California",150101,*****
0500000US06033,6033,"Lake County, California",64246,*****
0500000US06037,6037,"Los Angeles County, California",10163507,*****
0500000US06039,6039,"Madera County, California",156890,*****
0500000US06041,6041,"Marin County, California",260955,*****
0500000US06045,6045,"Mendocino County, California",88018,*****
0500000US06047,6047,"Merced County, California",272673,*****
0500000US06053,6053,"Monterey County, California",437907,*****
0500000US06055,6055,"Napa County, California",140973,*****
0500000US06057,6057,"Nevada County, California",99814,*****
0500000US06059,6059,"Orange County, California",3190400,*****
0500000US06061,6061,"Placer County, California",386166,*****
0500000US06065,6065,"Riverside County, California",2423266,*****
0500000US06067,6067,"Sacramento County, California",1530615,*****
0500000US06071,6071,"San Bernardino County, California",2157404,*****
0500000US06073,6073,"San Diego County, California",3337685,*****
0500000US06075,6075,"San Francisco County, California",884363,*****
0500000US06077,6077,"San Joaquin County, California",745424,*****
0500000US06079,6079,"San Luis Obispo County, California",283405,*****
0500000US06081,6081,"San Mateo County, California",771410,*****
0500000US06083,6083,"Santa Barbara County, California",448150,*****
0500000US06085,6085,"Santa Clara County, California",1938153,*****
0500000US06087,6087,"Santa Cruz County, California",275897,*****
0500000US06089,6089,"Shasta County, California",179921,*****
0500000US06095,6095,"Solano County, California",445458,*****
0500000US06097,6097,"Sonoma County, California",504217,*****
0500000US06099,6099,"Stanislaus County, California",547899,*****
0500000US06101,6101,"Sutter County, California",96648,*****
0500000US06107,6107,"Tulare County, California",464493,*****
0500000US06111,6111,"Ventura County, California",854223,*****
0500000US06113,6113,"Yolo County, California",219116,*****
0500000US06115,6115,"Yuba County, California",77031,*****
0500000US08001,8001,"Adams County, Colorado",503167,*****
0500000US08005,8005,"Arapahoe County, Colorado",643052,*****
0500000US08013,8013,"Boulder County, Colorado",322514,*****
0500000US08014,8014,"Broomfield County, Colorado",68341,*****
0500000US08031,8031,"Denver County, Colorado",704621,*****
0500000US08035,8035,"Douglas County, Colorado",335299,*****
0500000US08041,8041,"El Paso County, Colorado",699232,*****
0500000US08059,8059,"Jefferson County, Colorado",574613,*****
0500000US08069,8069,"Larimer County, Colorado",343976,*****
0500000US08077,8077,"Mesa County, Colorado",151616,*****
0500000US08101,8101,"Pueblo County, Colorado",166475,*****
0500000US08123,8123,"Weld County, Colorado",304633,*****
0500000US09001,9001,"Fairfield County, Connecticut",949921,*****
0500000US09003,9003,"Hartford County, Connecticut",895388,*****
0500000US09005,9005,"Litchfield County, Connecticut",182177,*****
0500000US09007,9007,"Middlesex County, Connecticut",163410,*****
0500000US09009,9009,"New Haven County, Connecticut",860435,*****
0500000US09011,9011,"New London County, Connecticut",269033,*****
0500000US09013,9013,"Tolland County, Connecticut",151461,*****
0500000US09015,9015,"Windham County, Connecticut",116359,*****
0500000US10001,10001,"Kent County, Delaware",176824,*****
0500000US10003,10003,"New Castle County, Delaware",559793,*****
0500000US10005,10005,"Sussex County, Delaware",225322,*****
0500000US11001,11001,"District of Columbia, District of Columbia",693972,*****
0500000US12001,12001,"Alachua County, Florida",266944,*****
0500000US12005,12005,"Bay County, Florida",183563,*****
0500000US12009,12009,"Brevard County, Florida",589162,*****
0500000US12011,12011,"Broward County, Florida",1935878,*****
0500000US12015,12015,"Charlotte County, Florida",182033,*****
0500000US12017,12017,"Citrus County, Florida",145647,*****
0500000US12019,12019,"Clay County, Florida",212230,*****
0500000US12021,12021,"Collier County, Florida",372880,*****
0500000US12023,12023,"Columbia County, Florida",69612,*****
0500000US12031,12031,"Duval County, Florida",937934,*****
0500000US12033,12033,"Escambia County, Florida",313512,*****
0500000US12035,12035,"Flagler County, Florida",110510,*****
0500000US12053,12053,"Hernando County, Florida",186553,*****
0500000US12055,12055,"Highlands County, Florida",102883,*****
0500000US12057,12057,"Hillsborough County, Florida",1408566,*****
0500000US12061,12061,"Indian River County, Florida",154383,*****
0500000US12069,12069,"Lake County, Florida",346017,*****
0500000US12071,12071,"Lee County, Florida",739224,*****
0500000US12073,12073,"Leon County, Florida",290292,*****
0500000US12081,12081,"Manatee County, Florida",385571,*****
0500000US12083,12083,"Marion County, Florida",354353,*****
0500000US12085,12085,"Martin County, Florida",159923,*****
0500000US12086,12086,"Miami-Dade County, Florida",2751796,*****
0500000US12087,12087,"Monroe County, Florida",77013,*****
0500000US12089,12089,"Nassau County, Florida",82721,*****
0500000US12091,12091,"Okaloosa County, Florida",202970,*****
0500000US12095,12095,"Orange County, Florida",1348975,*****
0500000US12097,12097,"Osceola County, Florida",352180,*****
0500000US12099,12099,"Palm Beach County, Florida",1471150,*****
0500000US12101,12101,"Pasco County, Florida",525643,*****
0500000US12103,12103,"Pinellas County, Florida",970637,*****
0500000US12105,12105,"Polk County, Florida",686483,*****
0500000US12107,12107,"Putnam County, Florida",73464,*****
0500000US12109,12109,"St. Johns County, Florida",243812,*****
0500000US12111,12111,"St. Lucie County, Florida",313506,*****
0500000US12113,12113,"Santa Rosa County, Florida",174272,*****
0500000US12115,12115,"Sarasota County, Florida",419119,*****
0500000US12117,12117,"Seminole County, Florida",462659,*****
0500000US12119,12119,"Sumter County, Florida",125165,*****
0500000US12127,12127,"Volusia County, Florida",538692,*****
0500000US12131,12131,"Walton County, Florida",68376,*****
0500000US13013,13013,"Barrow County, Georgia",79061,*****
0500000US13015,13015,"Bartow County, Georgia",105054,*****
0500000US13021,13021,"Bibb County, Georgia",152862,*****
0500000US13031,13031,"Bulloch County, Georgia",76149,*****
0500000US13045,13045,"Carroll County, Georgia",117812,*****
0500000US13047,13047,"Catoosa County, Georgia",66550,*****
0500000US13051,13051,"Chatham County, Georgia",290501,*****
0500000US13057,13057,"Cherokee County, Georgia",247573,*****
0500000US13059,13059,"Clarke County, Georgia",127064,*****
0500000US13063,13063,"Clayton County, Georgia",285153,*****
0500000US13067,13067,"Cobb County, Georgia",755754,*****
0500000US13073,13073,"Columbia County, Georgia",151579,*****
0500000US13077,13077,"Coweta County, Georgia",143114,*****
0500000US13089,13089,"DeKalb County, Georgia",753253,*****
0500000US13095,13095,"Dougherty County, Georgia",89502,*****
0500000US13097,13097,"Douglas County, Georgia",143882,*****
0500000US13113,13113,"Fayette County, Georgia",112549,*****
0500000US13115,13115,"Floyd County, Georgia",97613,*****
0500000US13117,13117,"Forsyth County, Georgia",227967,*****
0500000US13121,13121,"Fulton County, Georgia",1041423,*****
0500000US13127,13127,"Glynn County, Georgia",85282,*****
0500000US13135,13135,"Gwinnett County, Georgia",920260,*****
0500000US13139,13139,"Hall County, Georgia",199335,*****
0500000US13151,13151,"Henry County, Georgia",225813,*****
0500000US13153,13153,"Houston County, Georgia",153479,*****
0500000US13157,13157,"Jackson County, Georgia",67519,*****
0500000US13185,13185,"Lowndes County, Georgia",115489,*****
0500000US13215,13215,"Muscogee County, Georgia",194058,*****
0500000US13217,13217,"Newton County, Georgia",108078,*****
0500000US13223,13223,"Paulding County, Georgia",159445,*****
0500000US13245,13245,"Richmond County, Georgia",201800,*****
0500000US13247,13247,"Rockdale County, Georgia",90312,*****
0500000US13255,13255,"Spalding County, Georgia",65380,*****
0500000US13285,13285,"Troup County, Georgia",69786,*****
0500000US13295,13295,"Walker County, Georgia",68939,*****
0500000US13297,13297,"Walton County, Georgia",91600,*****
0500000US13313,13313,"Whitfield County, Georgia",104658,*****
0500000US15001,15001,"Hawaii County, Hawaii",200381,*****
0500000US15003,15003,"Honolulu County, Hawaii",988650,*****
0500000US15007,15007,"Kauai County, Hawaii",72159,*****
0500000US15009,15009,"Maui County, Hawaii",166271,41
0500000US16001,16001,"Ada County, Idaho",456849,*****
0500000US16005,16005,"Bannock County, Idaho",85269,*****
0500000US16019,16019,"Bonneville County, Idaho",114595,*****
0500000US16027,16027,"Canyon County, Idaho",216699,*****
0500000US16055,16055,"Kootenai County, Idaho",157637,*****
0500000US16083,16083,"Twin Falls County, Idaho",85124,*****
0500000US17001,17001,"Adams County, Illinois",66234,*****
0500000US17019,17019,"Champaign County, Illinois",209399,*****
0500000US17031,17031,"Cook County, Illinois",5211263,*****
0500000US17037,17037,"DeKalb County, Illinois",104733,*****
0500000US17043,17043,"DuPage County, Illinois",930128,*****
0500000US17089,17089,"Kane County, Illinois",534667,*****
0500000US17091,17091,"Kankakee County, Illinois",109605,*****
0500000US17093,17093,"Kendall County, Illinois",126218,*****
0500000US17097,17097,"Lake County, Illinois",703520,*****
0500000US17099,17099,"LaSalle County, Illinois",110067,*****
0500000US17111,17111,"McHenry County, Illinois",309122,*****
0500000US17113,17113,"McLean County, Illinois",172290,*****
0500000US17115,17115,"Macon County, Illinois",105801,*****
0500000US17119,17119,"Madison County, Illinois",265428,*****
0500000US17143,17143,"Peoria County, Illinois",183011,*****
0500000US17161,17161,"Rock Island County, Illinois",144808,*****
0500000US17163,17163,"St. Clair County, Illinois",262479,*****
0500000US17167,17167,"Sangamon County, Illinois",196452,*****
0500000US17179,17179,"Tazewell County, Illinois",133526,*****
0500000US17183,17183,"Vermilion County, Illinois",77909,*****
0500000US17197,17197,"Will County, Illinois",692661,*****
0500000US17199,17199,"Williamson County, Illinois",67328,*****
0500000US17201,17201,"Winnebago County, Illinois",284778,*****
0500000US18003,18003,"Allen County, Indiana",372877,*****
0500000US18005,18005,"Bartholomew County, Indiana",82040,*****
0500000US18011,18011,"Boone County, Indiana",65875,*****
0500000US18019,18019,"Clark County, Indiana",116973,*****
0500000US18035,18035,"Delaware County, Indiana",115184,*****
0500000US18039,18039,"Elkhart County, Indiana",205032,*****
0500000US18043,18043,"Floyd County, Indiana",77071,*****
0500000US18053,18053,"Grant County, Indiana",66491,*****
0500000US18057,18057,"Hamilton County, Indiana",323747,*****
0500000US18059,18059,"Hancock County, Indiana",74985,*****
0500000US18063,18063,"Hendricks County, Indiana",163685,*****
0500000US18067,18067,"Howard County, Indiana",82363,*****
0500000US18081,18081,"Johnson County, Indiana",153897,*****
0500000US18085,18085,"Kosciusko County, Indiana",79206,*****
0500000US18089,18089,"Lake County, Indiana",485640,*****
0500000US18091,18091,"LaPorte County, Indiana",110029,*****
0500000US18095,18095,"Madison County, Indiana",129498,*****
0500000US18097,18097,"Marion County, Indiana",950082,*****
0500000US18105,18105,"Monroe County, Indiana",146986,*****
0500000US18109,18109,"Morgan County, Indiana",69713,*****
0500000US18127,18127,"Porter County, Indiana",168404,*****
0500000US18141,18141,"St. Joseph County, Indiana",270434,*****
0500000US18157,18157,"Tippecanoe County, Indiana",190587,*****
0500000US18163,18163,"Vanderburgh County, Indiana",181616,*****
0500000US18167,18167,"Vigo County, Indiana",107516,*****
0500000US18177,18177,"Wayne County, Indiana",66185,*****
0500000US19013,19013,"Black Hawk County, Iowa",132648,*****
0500000US19049,19049,"Dallas County, Iowa",87235,*****
0500000US19061,19061,"Dubuque County, Iowa",97041,*****
0500000US19103,19103,"Johnson County, Iowa",149210,*****
0500000US19113,19113,"Linn County, Iowa",224115,*****
0500000US19153,19153,"Polk County, Iowa",481830,*****
0500000US19155,19155,"Pottawattamie County, Iowa",93386,*****
0500000US19163,19163,"Scott County, Iowa",172509,*****
0500000US19169,19169,"Story County, Iowa",97502,*****
0500000US19193,19193,"Woodbury County, Iowa",102429,*****
0500000US20015,20015,"Butler County, Kansas",66878,*****
0500000US20045,20045,"Douglas County, Kansas",120793,*****
0500000US20091,20091,"Johnson County, Kansas",591178,*****
0500000US20103,20103,"Leavenworth County, Kansas",81095,*****
0500000US20161,20161,"Riley County, Kansas",74172,*****
0500000US20173,20173,"Sedgwick County, Kansas",513687,*****
0500000US20177,20177,"Shawnee County, Kansas",178187,*****
0500000US20209,20209,"Wyandotte County, Kansas",165288,*****
0500000US21015,21015,"Boone County, Kentucky",130728,*****
0500000US21029,21029,"Bullitt County, Kentucky",80246,*****
0500000US21037,21037,"Campbell County, Kentucky",92488,*****
0500000US21047,21047,"Christian County, Kentucky",70416,*****
0500000US21059,21059,"Daviess County, Kentucky",100374,*****
0500000US21067,21067,"Fayette County, Kentucky",321959,*****
0500000US21093,21093,"Hardin County, Kentucky",108071,*****
0500000US21111,21111,"Jefferson County, Kentucky",771158,*****
0500000US21117,21117,"Kenton County, Kentucky",165399,*****
0500000US21145,21145,"McCracken County, Kentucky",65385,*****
0500000US21151,21151,"Madison County, Kentucky",91226,*****
0500000US21185,21185,"Oldham County, Kentucky",66415,*****
0500000US21227,21227,"Warren County, Kentucky",128845,*****
0500000US22005,22005,"Ascension Parish, Louisiana",122948,*****
0500000US22015,22015,"Bossier Parish, Louisiana",127634,*****
0500000US22017,22017,"Caddo Parish, Louisiana",246581,*****
0500000US22019,22019,"Calcasieu Parish, Louisiana",202445,*****
0500000US22033,22033,"East Baton Rouge Parish, Louisiana",446268,*****
0500000US22045,22045,"Iberia Parish, Louisiana",72176,*****
0500000US22051,22051,"Jefferson Parish, Louisiana",439036,*****
0500000US22055,22055,"Lafayette Parish, Louisiana",242485,*****
0500000US22057,22057,"Lafourche Parish, Louisiana",98426,*****
0500000US22063,22063,"Livingston Parish, Louisiana",138228,*****
0500000US22071,22071,"Orleans Parish, Louisiana",393292,*****
0500000US22073,22073,"Ouachita Parish, Louisiana",155874,*****
0500000US22079,22079,"Rapides Parish, Louisiana",131648,*****
0500000US22097,22097,"St. Landry Parish, Louisiana",83497,*****
0500000US22103,22103,"St. Tammany Parish, Louisiana",256327,*****
0500000US22105,22105,"Tangipahoa Parish, Louisiana",132497,*****
0500000US22109,22109,"Terrebonne Parish, Louisiana",112086,*****
0500000US23001,23001,"Androscoggin County, Maine",107651,*****
0500000US23003,23003,"Aroostook County, Maine",67653,*****
0500000US23005,23005,"Cumberland County, Maine",292500,*****
0500000US23011,23011,"Kennebec County, Maine",121821,*****
0500000US23019,23019,"Penobscot County, Maine",151957,*****
0500000US23031,23031,"York County, Maine",204191,*****
0500000US24001,24001,"Allegany County, Maryland",71615,*****
0500000US24003,24003,"Anne Arundel County, Maryland",573235,*****
0500000US24005,24005,"Baltimore County, Maryland",832468,*****
0500000US24009,24009,"Calvert County, Maryland",91502,*****
0500000US24013,24013,"Carroll County, Maryland",167781,*****
0500000US24015,24015,"Cecil County, Maryland",102746,*****
0500000US24017,24017,"Charles County, Maryland",159700,*****
0500000US24021,24021,"Frederick County, Maryland",252022,*****
0500000US24025,24025,"Harford County, Maryland",252160,*****
0500000US24027,24027,"Howard County, Maryland",321113,*****
0500000US24031,24031,"Montgomery County, Maryland",1058810,*****
0500000US24033,24033,"Prince George's County, Maryland",912756,*****
0500000US24037,24037,"St. Mary's County, Maryland",112667,*****
0500000US24043,24043,"Washington County, Maryland",150578,*****
0500000US24045,24045,"Wicomico County, Maryland",102923,*****
0500000US24510,24510,"Baltimore city, Maryland",611648,*****
0500000US25001,25001,"Barnstable County, Massachusetts",213444,*****
0500000US25003,25003,"Berkshire County, Massachusetts",126313,*****
0500000US25005,25005,"Bristol County, Massachusetts",561483,*****
0500000US25009,25009,"Essex County, Massachusetts",785205,*****
0500000US25011,25011,"Franklin County, Massachusetts",70702,*****
0500000US25013,25013,"Hampden County, Massachusetts",469818,*****
0500000US25015,25015,"Hampshire County, Massachusetts",161834,*****
0500000US25017,25017,"Middlesex County, Massachusetts",1602947,*****
0500000US25021,25021,"Norfolk County, Massachusetts",700322,*****
0500000US25023,25023,"Plymouth County, Massachusetts",515142,*****
0500000US25025,25025,"Suffolk County, Massachusetts",797939,*****
0500000US25027,25027,"Worcester County, Massachusetts",826116,*****
0500000US26005,26005,"Allegan County, Michigan",116447,*****
0500000US26017,26017,"Bay County, Michigan",104239,*****
0500000US26021,26021,"Berrien County, Michigan",154259,*****
0500000US26025,26025,"Calhoun County, Michigan",134128,*****
0500000US26037,26037,"Clinton County, Michigan",78443,*****
0500000US26045,26045,"Eaton County, Michigan",109027,*****
0500000US26049,26049,"Genesee County, Michigan",407385,*****
0500000US26055,26055,"Grand Traverse County, Michigan",91807,*****
0500000US26065,26065,"Ingham County, Michigan",290186,*****
0500000US26073,26073,"Isabella County, Michigan",71063,*****
0500000US26075,26075,"Jackson County, Michigan",158640,*****
0500000US26077,26077,"Kalamazoo County, Michigan",262985,*****
0500000US26081,26081,"Kent County, Michigan",648594,*****
0500000US26087,26087,"Lapeer County, Michigan",88174,*****
0500000US26091,26091,"Lenawee County, Michigan",98623,*****
0500000US26093,26093,"Livingston County, Michigan",189651,*****
0500000US26099,26099,"Macomb County, Michigan",871375,*****
0500000US26103,26103,"Marquette County, Michigan",66502,*****
0500000US26111,26111,"Midland County, Michigan",83411,*****
0500000US26115,26115,"Monroe County, Michigan",149649,*****
0500000US26121,26121,"Muskegon County, Michigan",173693,*****
0500000US26125,26125,"Oakland County, Michigan",1250836,*****
0500000US26139,26139,"Ottawa County, Michigan",286383,*****
0500000US26145,26145,"Saginaw County, Michigan",191934,*****
0500000US26147,26147,"St. Clair County, Michigan",159350,*****
0500000US26155,26155,"Shiawassee County, Michigan",68446,*****
0500000US26159,26159,"Van Buren County, Michigan",75353,*****
0500000US26161,26161,"Washtenaw County, Michigan",367627,*****
0500000US26163,26163,"Wayne County, Michigan",1753616,*****
0500000US27003,27003,"Anoka County, Minnesota",351373,*****
0500000US27013,27013,"Blue Earth County, Minnesota",66973,*****
0500000US27019,27019,"Carver County, Minnesota",102119,*****
0500000US27037,27037,"Dakota County, Minnesota",421751,*****
0500000US27053,27053,"Hennepin County, Minnesota",1252024,*****
0500000US27109,27109,"Olmsted County, Minnesota",154930,*****
0500000US27123,27123,"Ramsey County, Minnesota",547974,*****
0500000US27131,27131,"Rice County, Minnesota",65968,*****
0500000US27137,27137,"St. Louis County, Minnesota",200000,*****
0500000US27139,27139,"Scott County, Minnesota",145827,*****
0500000US27141,27141,"Sherburne County, Minnesota",94570,*****
0500000US27145,27145,"Stearns County, Minnesota",157822,*****
0500000US27163,27163,"Washington County, Minnesota",256348,*****
0500000US27171,27171,"Wright County, Minnesota",134286,*****
0500000US28033,28033,"DeSoto County, Mississippi",178751,*****
0500000US28035,28035,"Forrest County, Mississippi",75471,*****
0500000US28047,28047,"Harrison County, Mississippi",205027,*****
0500000US28049,28049,"Hinds County, Mississippi",239497,*****
0500000US28059,28059,"Jackson County, Mississippi",142152,*****
0500000US28067,28067,"Jones County, Mississippi",67930,*****
0500000US28075,28075,"Lauderdale County, Mississippi",76155,*****
0500000US28081,28081,"Lee County, Mississippi",84933,*****
0500000US28089,28089,"Madison County, Mississippi",104618,*****
0500000US28121,28121,"Rankin County, Mississippi",152080,*****
0500000US29019,29019,"Boone County, Missouri",178271,*****
0500000US29021,29021,"Buchanan County, Missouri",89065,*****
0500000US29031,29031,"Cape Girardeau County, Missouri",78161,*****
0500000US29037,29037,"Cass County, Missouri",103724,*****
0500000US29043,29043,"Christian County, Missouri",85432,*****
0500000US29047,29047,"Clay County, Missouri",242874,*****
0500000US29051,29051,"Cole County, Missouri",76708,*****
0500000US29071,29071,"Franklin County, Missouri",103330,*****
0500000US29077,29077,"Greene County, Missouri",289805,*****
0500000US29095,29095,"Jackson County, Missouri",698895,*****
0500000US29097,29097,"Jasper County, Missouri",120217,*****
0500000US29099,29099,"Jefferson County, Missouri",223810,*****
0500000US29165,29165,"Platte County, Missouri",101187,*****
0500000US29183,29183,"St. Charles County, Missouri",395504,*****
0500000US29187,29187,"St. Francois County, Missouri",66705,*****
0500000US29189,29189,"St. Louis County, Missouri",996726,*****
0500000US29510,29510,"St. Louis city, Missouri",308626,*****
0500000US30013,30013,"Cascade County, Montana",81654,*****
0500000US30029,30029,"Flathead County, Montana",100000,*****
0500000US30031,30031,"Gallatin County, Montana",107810,*****
0500000US30049,30049,"Lewis and Clark County, Montana",67773,*****
0500000US30063,30063,"Missoula County, Montana",117441,*****
0500000US30111,30111,"Yellowstone County, Montana",158980,*****
0500000US31055,31055,"Douglas County, Nebraska",561620,*****
0500000US31109,31109,"Lancaster County, Nebraska",314358,*****
0500000US31153,31153,"Sarpy County, Nebraska",181439,*****
0500000US32003,32003,"Clark County, Nevada",2204079,*****
0500000US32031,32031,"Washoe County, Nevada",460587,*****
0500000US33005,33005,"Cheshire County, New Hampshire",75960,*****
0500000US33009,33009,"Grafton County, New Hampshire",89386,*****
0500000US33011,33011,"Hillsborough County, New Hampshire",409697,*****
0500000US33013,33013,"Merrimack County, New Hampshire",149216,*****
0500000US33015,33015,"Rockingham County, New Hampshire",306363,*****
0500000US33017,33017,"Strafford County, New Hampshire",128613,*****
0500000US34001,34001,"Atlantic County, New Jersey",269918,*****
0500000US34003,34003,"Bergen County, New Jersey",948406,*****
0500000US34005,34005,"Burlington County, New Jersey",448596,*****
0500000US34007,34007,"Camden County, New Jersey",510719,*****
0500000US34009,34009,"Cape May County, New Jersey",93553,*****
0500000US34011,34011,"Cumberland County, New Jersey",152538,*****
0500000US34013,34013,"Essex County, New Jersey",808285,*****
0500000US34015,34015,"Gloucester County, New Jersey",292206,*****
0500000US34017,34017,"Hudson County, New Jersey",691643,*****
0500000US34019,34019,"Hunterdon County, New Jersey",125059,*****
0500000US34021,34021,"Mercer County, New Jersey",374733,*****
0500000US34023,34023,"Middlesex County, New Jersey",842798,*****
0500000US34025,34025,"Monmouth County, New Jersey",626351,*****
0500000US34027,34027,"Morris County, New Jersey",499693,*****
0500000US34029,34029,"Ocean County, New Jersey",597943,*****
0500000US34031,34031,"Passaic County, New Jersey",512607,*****
0500000US34033,34033,"Salem County, New Jersey",62792,*****
0500000US34035,34035,"Somerset County, New Jersey",335432,*****
0500000US34037,34037,"Sussex County, New Jersey",141682,*****
0500000US34039,34039,"Union County, New Jersey",563892,*****
0500000US34041,34041,"Warren County, New Jersey",106798,*****
0500000US35001,35001,"Bernalillo County, New Mexico",676773,*****
0500000US35005,35005,"Chaves County, New Mexico",64866,*****
0500000US35013,35013,"Doña Ana County, New Mexico",215579,*****
0500000US35025,35025,"Lea County, New Mexico",68759,*****
0500000US35031,35031,"McKinley County, New Mexico",72564,*****
0500000US35035,35035,"Otero County, New Mexico",65817,*****
0500000US35043,35043,"Sandoval County, New Mexico",142507,*****
0500000US35045,35045,"San Juan County, New Mexico",126926,*****
0500000US35049,35049,"Santa Fe County, New Mexico",148750,*****
0500000US35061,35061,"Valencia County, New Mexico",75940,*****
0500000US36001,36001,"Albany County, New York",309612,*****
0500000US36005,36005,"Bronx County, New York",1471160,*****
0500000US36007,36007,"Broome County, New York",193639,*****
0500000US36009,36009,"Cattaraugus County, New York",77348,*****
0500000US36011,36011,"Cayuga County, New York",77603,*****
0500000US36013,36013,"Chautauqua County, New York",129046,*****
0500000US36015,36015,"Chemung County, New York",85557,*****
0500000US36019,36019,"Clinton County, New York",80980,*****
0500000US36027,36027,"Dutchess County, New York",295568,*****
0500000US36029,36029,"Erie County, New York",925528,*****
0500000US36045,36045,"Jefferson County, New York",114187,*****
0500000US36047,36047,"Kings County, New York",2648771,*****
0500000US36051,36051,"Livingston County, New York",63799,*****
0500000US36053,36053,"Madison County, New York",70965,*****
0500000US36055,36055,"Monroe County, New York",747642,*****
0500000US36059,36059,"Nassau County, New York",1369514,*****
0500000US36061,36061,"New York County, New York",1664727,*****
0500000US36063,36063,"Niagara County, New York",211328,*****
0500000US36065,36065,"Oneida County, New York",231332,*****
0500000US36067,36067,"Onondaga County, New York",465398,*****
0500000US36069,36069,"Ontario County, New York",109899,*****
0500000US36071,36071,"Orange County, New York",382226,*****
0500000US36075,36075,"Oswego County, New York",118478,*****
0500000US36079,36079,"Putnam County, New York",99323,*****
0500000US36081,36081,"Queens County, New York",2358582,*****
0500000US36083,36083,"Rensselaer County, New York",159722,*****
0500000US36085,36085,"Richmond County, New York",479458,*****
0500000US36087,36087,"Rockland County, New York",328868,*****
0500000US36089,36089,"St. Lawrence County, New York",109623,*****
0500000US36091,36091,"Saratoga County, New York",229869,*****
0500000US36093,36093,"Schenectady County, New York",155565,*****
0500000US36101,36101,"Steuben County, New York",96281,*****
0500000US36103,36103,"Suffolk County, New York",1492953,*****
0500000US36105,36105,"Sullivan County, New York",75485,*****
0500000US36109,36109,"Tompkins County, New York",104802,*****
0500000US36111,36111,"Ulster County, New York",179417,*****
0500000US36113,36113,"Warren County, New York",64532,*****
0500000US36117,36117,"Wayne County, New York",90670,*****
0500000US36119,36119,"Westchester County, New York",980244,*****
0500000US37001,37001,"Alamance County, North Carolina",162391,*****
0500000US37019,37019,"Brunswick County, North Carolina",130897,*****
0500000US37021,37021,"Buncombe County, North Carolina",257607,*****
0500000US37023,37023,"Burke County, North Carolina",89293,*****
0500000US37025,37025,"Cabarrus County, North Carolina",206872,*****
0500000US37027,37027,"Caldwell County, North Carolina",81981,*****
0500000US37031,37031,"Carteret County, North Carolina",68881,*****
0500000US37035,37035,"Catawba County, North Carolina",157974,*****
0500000US37037,37037,"Chatham County, North Carolina",71472,*****
0500000US37045,37045,"Cleveland County, North Carolina",97334,*****
0500000US37049,37049,"Craven County, North Carolina",102578,*****
0500000US37051,37051,"Cumberland County, North Carolina",332546,*****
0500000US37057,37057,"Davidson County, North Carolina",165466,*****
0500000US37063,37063,"Durham County, North Carolina",311640,*****
0500000US37067,37067,"Forsyth County, North Carolina",376320,*****
0500000US37069,37069,"Franklin County, North Carolina",66168,*****
0500000US37071,37071,"Gaston County, North Carolina",220182,*****
0500000US37081,37081,"Guilford County, North Carolina",526953,*****
0500000US37085,37085,"Harnett County, North Carolina",132754,*****
0500000US37089,37089,"Henderson County, North Carolina",115708,*****
0500000US37097,37097,"Iredell County, North Carolina",175711,*****
0500000US37101,37101,"Johnston County, North Carolina",196708,*****
0500000US37109,37109,"Lincoln County, North Carolina",82403,*****
0500000US37119,37119,"Mecklenburg County, North Carolina",1076837,*****
0500000US37125,37125,"Moore County, North Carolina",97264,*****
0500000US37127,37127,"Nash County, North Carolina",93991,*****
0500000US37129,37129,"New Hanover County, North Carolina",227198,*****
0500000US37133,37133,"Onslow County, North Carolina",193893,*****
0500000US37135,37135,"Orange County, North Carolina",144946,*****
0500000US37147,37147,"Pitt County, North Carolina",179042,*****
0500000US37151,37151,"Randolph County, North Carolina",143282,*****
0500000US37155,37155,"Robeson County, North Carolina",132606,*****
0500000US37157,37157,"Rockingham County, North Carolina",90949,*****
0500000US37159,37159,"Rowan County, North Carolina",140644,*****
0500000US37161,37161,"Rutherford County, North Carolina",66551,*****
0500000US37171,37171,"Surry County, North Carolina",72224,*****
0500000US37179,37179,"Union County, North Carolina",231366,*****
0500000US37183,37183,"Wake County, North Carolina",1072203,*****
0500000US37191,37191,"Wayne County, North Carolina",124172,*****
0500000US37193,37193,"Wilkes County, North Carolina",68576,*****
0500000US37195,37195,"Wilson County, North Carolina",81671,*****
0500000US38015,38015,"Burleigh County, North Dakota",95030,*****
0500000US38017,38017,"Cass County, North Dakota",177787,*****
0500000US38035,38035,"Grand Forks County, North Dakota",70795,*****
0500000US38101,38101,"Ward County, North Dakota",68946,*****
0500000US39003,39003,"Allen County, Ohio",103198,*****
0500000US39007,39007,"Ashtabula County, Ohio",97807,*****
0500000US39009,39009,"Athens County, Ohio",66597,*****
0500000US39013,39013,"Belmont County, Ohio",68029,*****
0500000US39017,39017,"Butler County, Ohio",380604,*****
0500000US39023,39023,"Clark County, Ohio",134557,*****
0500000US39025,39025,"Clermont County, Ohio",204214,*****
0500000US39029,39029,"Columbiana County, Ohio",103077,*****
0500000US39035,39035,"Cuyahoga County, Ohio",1248514,*****
0500000US39041,39041,"Delaware County, Ohio",200464,*****
0500000US39043,39043,"Erie County, Ohio",74817,*****
0500000US39045,39045,"Fairfield County, Ohio",154733,*****
0500000US39049,39049,"Franklin County, Ohio",1291981,*****
0500000US39055,39055,"Geauga County, Ohio",93918,*****
0500000US39057,39057,"Greene County, Ohio",166752,*****
0500000US39061,39061,"Hamilton County, Ohio",813822,*****
0500000US39063,39063,"Hancock County, Ohio",75754,*****
0500000US39081,39081,"Jefferson County, Ohio",66359,*****
0500000US39085,39085,"Lake County, Ohio",230117,*****
0500000US39089,39089,"Licking County, Ohio",173448,*****
0500000US39093,39093,"Lorain County, Ohio",307924,*****
0500000US39095,39095,"Lucas County, Ohio",430887,*****
0500000US39099,39099,"Mahoning County, Ohio",229796,*****
0500000US39101,39101,"Marion County, Ohio",64967,*****
0500000US39103,39103,"Medina County, Ohio",178371,*****
0500000US39109,39109,"Miami County, Ohio",105122,*****
0500000US39113,39113,"Montgomery County, Ohio",531542,*****
0500000US39119,39119,"Muskingum County, Ohio",86149,*****
0500000US39133,39133,"Portage County, Ohio",162277,*****
0500000US39139,39139,"Richland County, Ohio",120589,*****
0500000US39141,39141,"Ross County, Ohio",77313,*****
0500000US39145,39145,"Scioto County, Ohio",75929,*****
0500000US39151,39151,"Stark County, Ohio",372542,*****
0500000US39153,39153,"Summit County, Ohio",541228,*****
0500000US39155,39155,"Trumbull County, Ohio",200380,*****
0500000US39157,39157,"Tuscarawas County, Ohio",92297,*****
0500000US39165,39165,"Warren County, Ohio",228882,*****
0500000US39169,39169,"Wayne County, Ohio",116038,*****
0500000US39173,39173,"Wood County, Ohio",130492,*****
0500000US40017,40017,"Canadian County, Oklahoma",139926,*****
0500000US40027,40027,"Cleveland County, Oklahoma",279641,*****
0500000US40031,40031,"Comanche County, Oklahoma",121526,*****
0500000US40037,40037,"Creek County, Oklahoma",71704,*****
0500000US40101,40101,"Muskogee County, Oklahoma",69086,*****
0500000US40109,40109,"Oklahoma County, Oklahoma",787958,*****
0500000US40119,40119,"Payne County, Oklahoma",81575,*****
0500000US40125,40125,"Pottawatomie County, Oklahoma",72226,*****
0500000US40131,40131,"Rogers County, Oklahoma",91444,*****
0500000US40143,40143,"Tulsa County, Oklahoma",646266,*****
0500000US40145,40145,"Wagoner County, Oklahoma",78657,*****
0500000US41003,41003,"Benton County, Oregon",90951,*****
0500000US41005,41005,"Clackamas County, Oregon",412672,*****
0500000US41017,41017,"Deschutes County, Oregon",186875,*****
0500000US41019,41019,"Douglas County, Oregon",109405,*****
0500000US41029,41029,"Jackson County, Oregon",217479,*****
0500000US41033,41033,"Josephine County, Oregon",86352,*****
0500000US41035,41035,"Klamath County, Oregon",66935,*****
0500000US41039,41039,"Lane County, Oregon",374748,*****
0500000US41043,41043,"Linn County, Oregon",125047,*****
0500000US41047,41047,"Marion County, Oregon",341286,*****
0500000US41051,41051,"Multnomah County, Oregon",807555,*****
0500000US41053,41053,"Polk County, Oregon",83696,*****
0500000US41059,41059,"Umatilla County, Oregon",76985,*****
0500000US41067,41067,"Washington County, Oregon",588957,*****
0500000US41071,41071,"Yamhill County, Oregon",105722,*****
0500000US42001,42001,"Adams County, Pennsylvania",102336,*****
0500000US42003,42003,"Allegheny County, Pennsylvania",1223048,*****
0500000US42005,42005,"Armstrong County, Pennsylvania",65642,*****
0500000US42007,42007,"Beaver County, Pennsylvania",166140,*****
0500000US42011,42011,"Berks County, Pennsylvania",417854,*****
0500000US42013,42013,"Blair County, Pennsylvania",123457,*****
0500000US42017,42017,"Bucks County, Pennsylvania",628341,*****
0500000US42019,42019,"Butler County, Pennsylvania",187108,*****
0500000US42021,42021,"Cambria County, Pennsylvania",133054,*****
0500000US42025,42025,"Carbon County, Pennsylvania",63853,*****
0500000US42027,42027,"Centre County, Pennsylvania",162660,*****
0500000US42029,42029,"Chester County, Pennsylvania",519293,*****
0500000US42033,42033,"Clearfield County, Pennsylvania",79685,*****
0500000US42037,42037,"Columbia County, Pennsylvania",65932,*****
0500000US42039,42039,"Crawford County, Pennsylvania",86159,*****
0500000US42041,42041,"Cumberland County, Pennsylvania",250066,*****
0500000US42043,42043,"Dauphin County, Pennsylvania",275710,*****
0500000US42045,42045,"Delaware County, Pennsylvania",564696,*****
0500000US42049,42049,"Erie County, Pennsylvania",274541,*****
0500000US42051,42051,"Fayette County, Pennsylvania",131504,*****
0500000US42055,42055,"Franklin County, Pennsylvania",154234,*****
0500000US42063,42063,"Indiana County, Pennsylvania",84953,*****
0500000US42069,42069,"Lackawanna County, Pennsylvania",210761,*****
0500000US42071,42071,"Lancaster County, Pennsylvania",542903,*****
0500000US42073,42073,"Lawrence County, Pennsylvania",87069,*****
0500000US42075,42075,"Lebanon County, Pennsylvania",139754,*****
0500000US42077,42077,"Lehigh County, Pennsylvania",366494,*****
0500000US42079,42079,"Luzerne County, Pennsylvania",317343,*****
0500000US42081,42081,"Lycoming County, Pennsylvania",113841,*****
0500000US42085,42085,"Mercer County, Pennsylvania",111750,*****
0500000US42089,42089,"Monroe County, Pennsylvania",168046,*****
0500000US42091,42091,"Montgomery County, Pennsylvania",826075,*****
0500000US42095,42095,"Northampton County, Pennsylvania",303405,*****
0500000US42097,42097,"Northumberland County, Pennsylvania",92029,*****
0500000US42101,42101,"Philadelphia County, Pennsylvania",1580863,*****
0500000US42107,42107,"Schuylkill County, Pennsylvania",142569,*****
0500000US42111,42111,"Somerset County, Pennsylvania",74501,*****
0500000US42125,42125,"Washington County, Pennsylvania",207298,*****
0500000US42129,42129,"Westmoreland County, Pennsylvania",352627,*****
0500000US42133,42133,"York County, Pennsylvania",446078,*****
0500000US44003,44003,"Kent County, Rhode Island",163760,*****
0500000US44005,44005,"Newport County, Rhode Island",83460,*****
0500000US44007,44007,"Providence County, Rhode Island",637357,*****
0500000US44009,44009,"Washington County, Rhode Island",126150,*****
0500000US45003,45003,"Aiken County, South Carolina",168179,*****
0500000US45007,45007,"Anderson County, South Carolina",198759,*****
0500000US45013,45013,"Beaufort County, South Carolina",186844,*****
0500000US45015,45015,"Berkeley County, South Carolina",217937,*****
0500000US45019,45019,"Charleston County, South Carolina",401438,*****
0500000US45031,45031,"Darlington County, South Carolina",67265,*****
0500000US45035,45035,"Dorchester County, South Carolina",156456,*****
0500000US45041,45041,"Florence County, South Carolina",138566,*****
0500000US45045,45045,"Greenville County, South Carolina",506837,*****
0500000US45047,45047,"Greenwood County, South Carolina",70355,*****
0500000US45051,45051,"Horry County, South Carolina",333268,*****
0500000US45055,45055,"Kershaw County, South Carolina",65036,*****
0500000US45057,45057,"Lancaster County, South Carolina",92550,*****
0500000US45059,45059,"Laurens County, South Carolina",66848,*****
0500000US45063,45063,"Lexington County, South Carolina",290642,*****
0500000US45073,45073,"Oconee County, South Carolina",77270,*****
0500000US45075,45075,"Orangeburg County, South Carolina",87476,*****
0500000US45077,45077,"Pickens County, South Carolina",123479,*****
0500000US45079,45079,"Richland County, South Carolina",411592,*****
0500000US45083,45083,"Spartanburg County, South Carolina",306854,*****
0500000US45085,45085,"Sumter County, South Carolina",106847,*****
0500000US45091,45091,"York County, South Carolina",266439,*****
0500000US46099,46099,"Minnehaha County, South Dakota",188616,*****
0500000US46103,46103,"Pennington County, South Dakota",110141,*****
0500000US47001,47001,"Anderson County, Tennessee",76257,*****
0500000US47009,47009,"Blount County, Tennessee",129929,*****
0500000US47011,47011,"Bradley County, Tennessee",105560,*****
0500000US47037,47037,"Davidson County, Tennessee",691243,*****
0500000US47059,47059,"Greene County, Tennessee",68808,*****
0500000US47065,47065,"Hamilton County, Tennessee",361613,*****
0500000US47093,47093,"Knox County, Tennessee",461860,*****
0500000US47113,47113,"Madison County, Tennessee",97643,*****
0500000US47119,47119,"Maury County, Tennessee",92163,*****
0500000US47125,47125,"Montgomery County, Tennessee",200182,*****
0500000US47141,47141,"Putnam County, Tennessee",77674,*****
0500000US47147,47147,"Robertson County, Tennessee",70177,*****
0500000US47149,47149,"Rutherford County, Tennessee",317157,*****
0500000US47155,47155,"Sevier County, Tennessee",97638,*****
0500000US47157,47157,"Shelby County, Tennessee",936961,*****
0500000US47163,47163,"Sullivan County, Tennessee",157158,*****
0500000US47165,47165,"Sumner County, Tennessee",183545,*****
0500000US47179,47179,"Washington County, Tennessee",127806,*****
0500000US47187,47187,"Williamson County, Tennessee",226257,*****
0500000US47189,47189,"Wilson County, Tennessee",136442,*****
0500000US48005,48005,"Angelina County, Texas",87805,*****
0500000US48021,48021,"Bastrop County, Texas",84761,*****
0500000US48027,48027,"Bell County, Texas",347833,*****
0500000US48029,48029,"Bexar County, Texas",1958578,*****
0500000US48037,48037,"Bowie County, Texas",94012,*****
0500000US48039,48039,"Brazoria County, Texas",362457,*****
0500000US48041,48041,"Brazos County, Texas",222830,*****
0500000US48061,48061,"Cameron County, Texas",423725,*****
0500000US48085,48085,"Collin County, Texas",969603,*****
0500000US48091,48091,"Comal County, Texas",141009,*****
0500000US48099,48099,"Coryell County, Texas",74913,*****
0500000US48113,48113,"Dallas County, Texas",2618148,*****
0500000US48121,48121,"Denton County, Texas",836210,*****
0500000US48135,48135,"Ector County, Texas",157087,*****
0500000US48139,48139,"Ellis County, Texas",173620,*****
0500000US48141,48141,"El Paso County, Texas",840410,*****
0500000US48157,48157,"Fort Bend County, Texas",764828,*****
0500000US48167,48167,"Galveston County, Texas",335036,*****
0500000US48181,48181,"Grayson County, Texas",131140,*****
0500000US48183,48183,"Gregg County, Texas",123367,*****
0500000US48187,48187,"Guadalupe County, Texas",159659,*****
0500000US48201,48201,"Harris County, Texas",4652980,*****
0500000US48203,48203,"Harrison County, Texas",66661,*****
0500000US48209,48209,"Hays County, Texas",214485,*****
0500000US48213,48213,"Henderson County, Texas",81064,*****
0500000US48215,48215,"Hidalgo County, Texas",860661,*****
0500000US48231,48231,"Hunt County, Texas",93872,*****
0500000US48245,48245,"Jefferson County, Texas",256299,*****
0500000US48251,48251,"Johnson County, Texas",167301,*****
0500000US48257,48257,"Kaufman County, Texas",122883,*****
0500000US48291,48291,"Liberty County, Texas",83658,*****
0500000US48303,48303,"Lubbock County, Texas",305225,*****
0500000US48309,48309,"McLennan County, Texas",251259,*****
0500000US48329,48329,"Midland County, Texas",165049,*****
0500000US48339,48339,"Montgomery County, Texas",570934,*****
0500000US48347,48347,"Nacogdoches County, Texas",65580,*****
0500000US48355,48355,"Nueces County, Texas",361221,*****
0500000US48361,48361,"Orange County, Texas",85047,*****
0500000US48367,48367,"Parker County, Texas",133463,*****
0500000US48375,48375,"Potter County, Texas",120458,*****
0500000US48381,48381,"Randall County, Texas",134442,*****
0500000US48397,48397,"Rockwall County, Texas",96788,*****
0500000US48409,48409,"San Patricio County, Texas",67215,*****
0500000US48423,48423,"Smith County, Texas",227727,*****
0500000US48439,48439,"Tarrant County, Texas",2054475,*****
0500000US48441,48441,"Taylor County, Texas",136290,*****
0500000US48451,48451,"Tom Green County, Texas",118019,*****
0500000US48453,48453,"Travis County, Texas",1226698,*****
0500000US48469,48469,"Victoria County, Texas",92084,*****
0500000US48471,48471,"Walker County, Texas",72245,*****
0500000US48479,48479,"Webb County, Texas",274794,*****
0500000US48485,48485,"Wichita County, Texas",132000,*****
0500000US48491,48491,"Williamson County, Texas",547545,*****
0500000US48497,48497,"Wise County, Texas",66181,*****
0500000US49005,49005,"Cache County, Utah",124438,*****
0500000US49011,49011,"Davis County, Utah",347637,*****
0500000US49035,49035,"Salt Lake County, Utah",1135649,*****
0500000US49045,49045,"Tooele County, Utah",67456,*****
0500000US49049,49049,"Utah County, Utah",606425,*****
0500000US49053,49053,"Washington County, Utah",165662,*****
0500000US49057,49057,"Weber County, Utah",251769,*****
0500000US50007,50007,"Chittenden County, Vermont",162372,*****
0500000US51003,51003,"Albemarle County, Virginia",107702,*****
0500000US51013,51013,"Arlington County, Virginia",234965,*****
0500000US51015,51015,"Augusta County, Virginia",75144,*****
0500000US51019,51019,"Bedford County, Virginia",77974,*****
0500000US51041,51041,"Chesterfield County, Virginia",343599,*****
0500000US51059,51059,"Fairfax County, Virginia",1148433,*****
0500000US51061,51061,"Fauquier County, Virginia",69465,*****
0500000US51069,51069,"Frederick County, Virginia",86484,*****
0500000US51085,51085,"Hanover County, Virginia",105923,*****
0500000US51087,51087,"Henrico County, Virginia",327898,*****
0500000US51095,51095,"James City County, Virginia",75524,*****
0500000US51107,51107,"Loudoun County, Virginia",398080,*****
0500000US51121,51121,"Montgomery County, Virginia",98559,*****
0500000US51153,51153,"Prince William County, Virginia",463023,*****
0500000US51161,51161,"Roanoke County, Virginia",93730,*****
0500000US51165,51165,"Rockingham County, Virginia",80227,*****
0500000US51177,51177,"Spotsylvania County, Virginia",133033,*****
0500000US51179,51179,"Stafford County, Virginia",146649,*****
0500000US51199,51199,"York County, Virginia",67739,*****
0500000US51510,51510,"Alexandria city, Virginia",160035,*****
0500000US51550,51550,"Chesapeake city, Virginia",240397,*****
0500000US51650,51650,"Hampton city, Virginia",134669,*****
0500000US51680,51680,"Lynchburg city, Virginia",80995,*****
0500000US51700,51700,"Newport News city, Virginia",179388,*****
0500000US51710,51710,"Norfolk city, Virginia",244703,*****
0500000US51740,51740,"Portsmouth city, Virginia",94572,*****
0500000US51760,51760,"Richmond city, Virginia",227032,*****
0500000US51770,51770,"Roanoke city, Virginia",99837,*****
0500000US51800,51800,"Suffolk city, Virginia",90237,*****
0500000US51810,51810,"Virginia Beach city, Virginia",450435,*****
0500000US53005,53005,"Benton County, Washington",198171,*****
0500000US53007,53007,"Chelan County, Washington",76533,*****
0500000US53009,53009,"Clallam County, Washington",75474,*****
0500000US53011,53011,"Clark County, Washington",474643,*****
0500000US53015,53015,"Cowlitz County, Washington",106910,*****
0500000US53021,53021,"Franklin County, Washington",92125,*****
0500000US53025,53025,"Grant County, Washington",95158,*****
0500000US53027,53027,"Grays Harbor County, Washington",72697,*****
0500000US53029,53029,"Island County, Washington",83159,*****
0500000US53033,53033,"King County, Washington",2188649,*****
0500000US53035,53035,"Kitsap County, Washington",266414,*****
0500000US53041,53041,"Lewis County, Washington",78200,*****
0500000US53053,53053,"Pierce County, Washington",876764,*****
0500000US53057,53057,"Skagit County, Washington",125619,*****
0500000US53061,53061,"Snohomish County, Washington",801633,*****
0500000US53063,53063,"Spokane County, Washington",506152,*****
0500000US53067,53067,"Thurston County, Washington",280588,*****
0500000US53073,53073,"Whatcom County, Washington",221404,*****
0500000US53077,53077,"Yakima County, Washington",250193,*****
0500000US54003,54003,"Berkeley County, West Virginia",114920,*****
0500000US54011,54011,"Cabell County, West Virginia",94958,*****
0500000US54033,54033,"Harrison County, West Virginia",67811,*****
0500000US54039,54039,"Kanawha County, West Virginia",183293,*****
0500000US54061,54061,"Monongalia County, West Virginia",105030,*****
0500000US54081,54081,"Raleigh County, West Virginia",75022,*****
0500000US54107,54107,"Wood County, West Virginia",85104,*****
0500000US55009,55009,"Brown County, Wisconsin",262052,*****
0500000US55025,55025,"Dane County, Wisconsin",536416,*****
0500000US55027,55027,"Dodge County, Wisconsin",87786,*****
0500000US55035,55035,"Eau Claire County, Wisconsin",103671,*****
0500000US55039,55039,"Fond du Lac County, Wisconsin",102548,*****
0500000US55055,55055,"Jefferson County, Wisconsin",84832,*****
0500000US55059,55059,"Kenosha County, Wisconsin",168521,*****
0500000US55063,55063,"La Crosse County, Wisconsin",118274,*****
0500000US55071,55071,"Manitowoc County, Wisconsin",79175,*****
0500000US55073,55073,"Marathon County, Wisconsin",135732,*****
0500000US55079,55079,"Milwaukee County, Wisconsin",952085,*****
0500000US55087,55087,"Outagamie County, Wisconsin",186059,*****
0500000US55089,55089,"Ozaukee County, Wisconsin",88429,*****
0500000US55097,55097,"Portage County, Wisconsin",70474,*****
0500000US55101,55101,"Racine County, Wisconsin",196071,*****
0500000US55105,55105,"Rock County, Wisconsin",162309,*****
0500000US55109,55109,"St. Croix County, Wisconsin",88703,*****
0500000US55117,55117,"Sheboygan County, Wisconsin",115344,*****
0500000US55127,55127,"Walworth County, Wisconsin",103082,*****
0500000US55131,55131,"Washington County, Wisconsin",135101,*****
0500000US55133,55133,"Waukesha County, Wisconsin",400621,*****
0500000US55139,55139,"Winnebago County, Wisconsin",170414,*****
0500000US55141,55141,"Wood County, Wisconsin",73126,*****
0500000US56021,56021,"Laramie County, Wyoming",98327,*****
0500000US56025,56025,"Natrona County, Wyoming",79547,*****